query_filename,rank,query_name,query_md5,match_name,match_md5,intersect_bp
/home/ctbrown/scratch2/2023-swine-usda/outputs.swine-x-reps/SRR17241527.subtract.sig.gz,0,"80cbd46399866b3abdc40fab12668680",80cbd46399866b3abdc40fab12668680,"AtH2023_SRR17241686_MAG31",4882944ffc3eb796e2d0afa2969b1bea,469
/home/ctbrown/scratch2/2023-swine-usda/outputs.swine-x-reps/SRR17241527.subtract.sig.gz,1,"80cbd46399866b3abdc40fab12668680",80cbd46399866b3abdc40fab12668680,"AtH2023_SRR17241686_MAG29",6d0d554769131a0d6251b171e06b100e,461
/home/ctbrown/scratch2/2023-swine-usda/outputs.swine-x-reps/SRR17241527.subtract.sig.gz,2,"80cbd46399866b3abdc40fab12668680",80cbd46399866b3abdc40fab12668680,"AtH2023_SRR17241686_MAG26",2e0d823fa64fd7af69a75f6311b7aa81,431
/home/ctbrown/scratch2/2023-swine-usda/outputs.swine-x-reps/SRR17241527.subtract.sig.gz,3,"80cbd46399866b3abdc40fab12668680",80cbd46399866b3abdc40fab12668680,"SRR5240741_MAG01",974f242d0cbab000c289cbb798327565,430
/home/ctbrown/scratch2/2023-swine-usda/outputs.swine-x-reps/SRR17241527.subtract.sig.gz,4,"80cbd46399866b3abdc40fab12668680",80cbd46399866b3abdc40fab12668680,"AtH2023_SRR17241686_MAG18",80c825c976b32a2d7a42e695be90b841,402
/home/ctbrown/scratch2/2023-swine-usda/outputs.swine-x-reps/SRR17241527.subtract.sig.gz,5,"80cbd46399866b3abdc40fab12668680",80cbd46399866b3abdc40fab12668680,"SRR12795787_MAG1",ac79fb0909f5f52325b444a4c883d04a,396
/home/ctbrown/scratch2/2023-swine-usda/outputs.swine-x-reps/SRR17241527.subtract.sig.gz,6,"80cbd46399866b3abdc40fab12668680",80cbd46399866b3abdc40fab12668680,"AtH2023_SRR17241686_MAG03",499e40ec9aecfc02fbe8082673886dc7,326
/home/ctbrown/scratch2/2023-swine-usda/outputs.swine-x-reps/SRR17241527.subtract.sig.gz,7,"80cbd46399866b3abdc40fab12668680",80cbd46399866b3abdc40fab12668680,"AtH2023_SRR17241686_MAG09",ae43ba8f977897f67b62df3b40a06edc,310
/home/ctbrown/scratch2/2023-swine-usda/outputs.swine-x-reps/SRR17241527.subtract.sig.gz,8,"80cbd46399866b3abdc40fab12668680",80cbd46399866b3abdc40fab12668680,"AtH2023_SRR17241686_MAG28",948aa6457d0729bc7ffb607d2685733b,289
/home/ctbrown/scratch2/2023-swine-usda/outputs.swine-x-reps/SRR17241527.subtract.sig.gz,9,"80cbd46399866b3abdc40fab12668680",80cbd46399866b3abdc40fab12668680,"SRR11126221_MAG1",5614096b9fa53421d3531d3131524ac9,286
/home/ctbrown/scratch2/2023-swine-usda/outputs.swine-x-reps/SRR17241527.subtract.sig.gz,10,"80cbd46399866b3abdc40fab12668680",80cbd46399866b3abdc40fab12668680,"AtH2023_SRR17241686_MAG11",8f37556bc23860c7cbd30bbc8fb0976b,279
/home/ctbrown/scratch2/2023-swine-usda/outputs.swine-x-reps/SRR17241527.subtract.sig.gz,11,"80cbd46399866b3abdc40fab12668680",80cbd46399866b3abdc40fab12668680,"SRR8960980_MAG11",fe053567fae1a4daf49d8cf5c5fb587e,274
/home/ctbrown/scratch2/2023-swine-usda/outputs.swine-x-reps/SRR17241527.subtract.sig.gz,12,"80cbd46399866b3abdc40fab12668680",80cbd46399866b3abdc40fab12668680,"AtH2023_SRR17241686_MAG13",f75ecae459f5be393ad9d9d4deb6e3a8,264
/home/ctbrown/scratch2/2023-swine-usda/outputs.swine-x-reps/SRR17241527.subtract.sig.gz,13,"80cbd46399866b3abdc40fab12668680",80cbd46399866b3abdc40fab12668680,"SRR5240741_MAG10",c8fc68af11494533ed8439a477ba30fd,245
/home/ctbrown/scratch2/2023-swine-usda/outputs.swine-x-reps/SRR17241527.subtract.sig.gz,14,"80cbd46399866b3abdc40fab12668680",80cbd46399866b3abdc40fab12668680,"AtH2023_SRR17241686_MAG33",05a86b69df8896aa1819044a14016fb9,233
/home/ctbrown/scratch2/2023-swine-usda/outputs.swine-x-reps/SRR17241527.subtract.sig.gz,15,"80cbd46399866b3abdc40fab12668680",80cbd46399866b3abdc40fab12668680,"AtH2023_ERR1135178_MAG6",e947d328ee590eedfd639997fd156158,232
/home/ctbrown/scratch2/2023-swine-usda/outputs.swine-x-reps/SRR17241527.subtract.sig.gz,16,"80cbd46399866b3abdc40fab12668680",80cbd46399866b3abdc40fab12668680,"AtH2023_SRR17241686_MAG10",dc3a4c202fa4cf7d27a3cf002bbc951d,226
/home/ctbrown/scratch2/2023-swine-usda/outputs.swine-x-reps/SRR17241527.subtract.sig.gz,17,"80cbd46399866b3abdc40fab12668680",80cbd46399866b3abdc40fab12668680,"AtH2023_SRR17241686_MAG36",82c5497248a36ff7d9d18c066ffadefa,224
/home/ctbrown/scratch2/2023-swine-usda/outputs.swine-x-reps/SRR17241527.subtract.sig.gz,18,"80cbd46399866b3abdc40fab12668680",80cbd46399866b3abdc40fab12668680,"SRR11183901_MAG2",51d6ca69c2547b1783484ba7e235c15b,221
/home/ctbrown/scratch2/2023-swine-usda/outputs.swine-x-reps/SRR17241527.subtract.sig.gz,19,"80cbd46399866b3abdc40fab12668680",80cbd46399866b3abdc40fab12668680,"AtH2023_ERR1135269_MAG4",1152c66b6c60d83272ab0f7642e91d17,221
/home/ctbrown/scratch2/2023-swine-usda/outputs.swine-x-reps/SRR17241527.subtract.sig.gz,20,"80cbd46399866b3abdc40fab12668680",80cbd46399866b3abdc40fab12668680,"AtH2023_ERR1135205_MAG15",3f1bb82c86795890e4badc7436e50bb3,220
/home/ctbrown/scratch2/2023-swine-usda/outputs.swine-x-reps/SRR17241527.subtract.sig.gz,21,"80cbd46399866b3abdc40fab12668680",80cbd46399866b3abdc40fab12668680,"AtH2023_ERR1135247_MAG10",def6b18c2318534e51ba56fbde07ab31,217
/home/ctbrown/scratch2/2023-swine-usda/outputs.swine-x-reps/SRR17241527.subtract.sig.gz,22,"80cbd46399866b3abdc40fab12668680",80cbd46399866b3abdc40fab12668680,"SRR8960777_MAG07",8a2314223a64155dcec4c0b491bc7cf7,216
/home/ctbrown/scratch2/2023-swine-usda/outputs.swine-x-reps/SRR17241527.subtract.sig.gz,23,"80cbd46399866b3abdc40fab12668680",80cbd46399866b3abdc40fab12668680,"AtH2023_ERR1135196_MAG07",3c6f2bb102026232173275301c29026d,214
/home/ctbrown/scratch2/2023-swine-usda/outputs.swine-x-reps/SRR17241527.subtract.sig.gz,24,"80cbd46399866b3abdc40fab12668680",80cbd46399866b3abdc40fab12668680,"AtH2023_SRR17241686_MAG14",b8f09f69aa40d2ed7bc88add17bf3276,213
/home/ctbrown/scratch2/2023-swine-usda/outputs.swine-x-reps/SRR17241527.subtract.sig.gz,25,"80cbd46399866b3abdc40fab12668680",80cbd46399866b3abdc40fab12668680,"SRR8960621_MAG02",24c3fd684c2601c08f1a2279a95d5b6f,209
/home/ctbrown/scratch2/2023-swine-usda/outputs.swine-x-reps/SRR17241527.subtract.sig.gz,26,"80cbd46399866b3abdc40fab12668680",80cbd46399866b3abdc40fab12668680,"AtH2023_SRR17241686_MAG32",4f13cd077f273fa3b47f6e14cf7a4716,209
/home/ctbrown/scratch2/2023-swine-usda/outputs.swine-x-reps/SRR17241527.subtract.sig.gz,27,"80cbd46399866b3abdc40fab12668680",80cbd46399866b3abdc40fab12668680,"AtH2023_SRR17241686_MAG25",3cf337c2cf34ae90d8e3c4310a93deb3,206
/home/ctbrown/scratch2/2023-swine-usda/outputs.swine-x-reps/SRR17241527.subtract.sig.gz,28,"80cbd46399866b3abdc40fab12668680",80cbd46399866b3abdc40fab12668680,"AtH2023_ERR1135183_MAG1",ecbe99deb2ffec4ed79f877a05e96962,199
/home/ctbrown/scratch2/2023-swine-usda/outputs.swine-x-reps/SRR17241527.subtract.sig.gz,29,"80cbd46399866b3abdc40fab12668680",80cbd46399866b3abdc40fab12668680,"AtH2023_SRR11185252_MAG27",07e20b01fbede14eb1e623a536e40084,198
/home/ctbrown/scratch2/2023-swine-usda/outputs.swine-x-reps/SRR17241527.subtract.sig.gz,30,"80cbd46399866b3abdc40fab12668680",80cbd46399866b3abdc40fab12668680,"AtH2023_SRR17241686_MAG04",d7421a2929d8a8aef8fd309c124d847c,193
/home/ctbrown/scratch2/2023-swine-usda/outputs.swine-x-reps/SRR17241527.subtract.sig.gz,31,"80cbd46399866b3abdc40fab12668680",80cbd46399866b3abdc40fab12668680,"SRR12795780_MAG5",0f2ebdbc685392c61284945baa08249c,192
/home/ctbrown/scratch2/2023-swine-usda/outputs.swine-x-reps/SRR17241527.subtract.sig.gz,32,"80cbd46399866b3abdc40fab12668680",80cbd46399866b3abdc40fab12668680,"AtH2023_SRR17241686_MAG02",fe0f2a4113829afc6aa5017ebab117a4,191
/home/ctbrown/scratch2/2023-swine-usda/outputs.swine-x-reps/SRR17241527.subtract.sig.gz,33,"80cbd46399866b3abdc40fab12668680",80cbd46399866b3abdc40fab12668680,"AtH2023_SRR17241686_MAG38",682686ef3ad20f350d5156653ee495c6,189
/home/ctbrown/scratch2/2023-swine-usda/outputs.swine-x-reps/SRR17241527.subtract.sig.gz,34,"80cbd46399866b3abdc40fab12668680",80cbd46399866b3abdc40fab12668680,"SRR8960777_MAG02",130fccc659ef895dfeb1585abf67c258,188
/home/ctbrown/scratch2/2023-swine-usda/outputs.swine-x-reps/SRR17241527.subtract.sig.gz,35,"80cbd46399866b3abdc40fab12668680",80cbd46399866b3abdc40fab12668680,"AtH2023_SRR17241686_MAG22",0b1d9609d5cd877dfdece9c252b4f32f,184
/home/ctbrown/scratch2/2023-swine-usda/outputs.swine-x-reps/SRR17241527.subtract.sig.gz,36,"80cbd46399866b3abdc40fab12668680",80cbd46399866b3abdc40fab12668680,"AtH2023_ERR1135216_MAG3",ce8f7d7e2447ef4f363f34f43e513673,181
/home/ctbrown/scratch2/2023-swine-usda/outputs.swine-x-reps/SRR17241527.subtract.sig.gz,37,"80cbd46399866b3abdc40fab12668680",80cbd46399866b3abdc40fab12668680,"AtH2023_SRR17241686_MAG06",6b7a3dd96f7415b1d8b4c0ece354dbda,180
/home/ctbrown/scratch2/2023-swine-usda/outputs.swine-x-reps/SRR17241527.subtract.sig.gz,38,"80cbd46399866b3abdc40fab12668680",80cbd46399866b3abdc40fab12668680,"AtH2023_SRR17241686_MAG39",bb7023022e2d2f109b85c77f6f1ebad4,179
/home/ctbrown/scratch2/2023-swine-usda/outputs.swine-x-reps/SRR17241527.subtract.sig.gz,39,"80cbd46399866b3abdc40fab12668680",80cbd46399866b3abdc40fab12668680,"SRR11125226_MAG1",b8536ac5ddbe73ed2ebec6f92d4d2285,178
/home/ctbrown/scratch2/2023-swine-usda/outputs.swine-x-reps/SRR17241527.subtract.sig.gz,40,"80cbd46399866b3abdc40fab12668680",80cbd46399866b3abdc40fab12668680,"SRR8960777_MAG12",bd0b0885e4f124baed8cdfac129d2a3f,176
/home/ctbrown/scratch2/2023-swine-usda/outputs.swine-x-reps/SRR17241527.subtract.sig.gz,41,"80cbd46399866b3abdc40fab12668680",80cbd46399866b3abdc40fab12668680,"AtH2023_SRR17241686_MAG15",0662a9d79c3810e85fc9d266395e3abc,176
/home/ctbrown/scratch2/2023-swine-usda/outputs.swine-x-reps/SRR17241527.subtract.sig.gz,42,"80cbd46399866b3abdc40fab12668680",80cbd46399866b3abdc40fab12668680,"SRR11126513_MAG1",68ca6b871f08f5cfdd4d7bb9fce0fa81,175
/home/ctbrown/scratch2/2023-swine-usda/outputs.swine-x-reps/SRR17241527.subtract.sig.gz,43,"80cbd46399866b3abdc40fab12668680",80cbd46399866b3abdc40fab12668680,"SRR11125358_MAG1",92aefe5dda58dc790e1450f610a40aa5,172
/home/ctbrown/scratch2/2023-swine-usda/outputs.swine-x-reps/SRR17241527.subtract.sig.gz,44,"80cbd46399866b3abdc40fab12668680",80cbd46399866b3abdc40fab12668680,"SRR8960918_MAG04",49d2bfdbdae9d42e63b23c8f7caa9800,170
/home/ctbrown/scratch2/2023-swine-usda/outputs.swine-x-reps/SRR17241527.subtract.sig.gz,45,"80cbd46399866b3abdc40fab12668680",80cbd46399866b3abdc40fab12668680,"AtH2023_ERR1135240_MAG1",706bd66aeb28b3880bd4773ec161df9a,169
/home/ctbrown/scratch2/2023-swine-usda/outputs.swine-x-reps/SRR17241527.subtract.sig.gz,46,"80cbd46399866b3abdc40fab12668680",80cbd46399866b3abdc40fab12668680,"AtH2023_SRR11185252_MAG26",887be204309f3635985457c9d3df064a,166
/home/ctbrown/scratch2/2023-swine-usda/outputs.swine-x-reps/SRR17241527.subtract.sig.gz,47,"80cbd46399866b3abdc40fab12668680",80cbd46399866b3abdc40fab12668680,"AtH2023_SRR17241686_MAG08",25bee38dc6a2a945759664b5174895d1,155
/home/ctbrown/scratch2/2023-swine-usda/outputs.swine-x-reps/SRR17241527.subtract.sig.gz,48,"80cbd46399866b3abdc40fab12668680",80cbd46399866b3abdc40fab12668680,"SRR11124721_MAG1",c23e362d9bc70f97639e40374f38290f,154
/home/ctbrown/scratch2/2023-swine-usda/outputs.swine-x-reps/SRR17241527.subtract.sig.gz,49,"80cbd46399866b3abdc40fab12668680",80cbd46399866b3abdc40fab12668680,"AtH2023_ERR1135196_MAG12",6042d67bfc7e4b91bb95c51ecadbb55b,151
/home/ctbrown/scratch2/2023-swine-usda/outputs.swine-x-reps/SRR17241527.subtract.sig.gz,50,"80cbd46399866b3abdc40fab12668680",80cbd46399866b3abdc40fab12668680,"SRR11183901_MAG1",9592635a8f39b57a3da76059600aa273,149
/home/ctbrown/scratch2/2023-swine-usda/outputs.swine-x-reps/SRR17241527.subtract.sig.gz,51,"80cbd46399866b3abdc40fab12668680",80cbd46399866b3abdc40fab12668680,"AtH2023_SRR17241686_MAG37",ce889db4376008b14132b3323f3f91f8,148
/home/ctbrown/scratch2/2023-swine-usda/outputs.swine-x-reps/SRR17241527.subtract.sig.gz,52,"80cbd46399866b3abdc40fab12668680",80cbd46399866b3abdc40fab12668680,"SRR8960830_MAG4",3345185a250f91f676997f3517b22ecd,147
/home/ctbrown/scratch2/2023-swine-usda/outputs.swine-x-reps/SRR17241527.subtract.sig.gz,53,"80cbd46399866b3abdc40fab12668680",80cbd46399866b3abdc40fab12668680,"SRR8960777_MAG11",2383d0fb5f5ef3f243c2448ec5993f86,141
/home/ctbrown/scratch2/2023-swine-usda/outputs.swine-x-reps/SRR17241527.subtract.sig.gz,54,"80cbd46399866b3abdc40fab12668680",80cbd46399866b3abdc40fab12668680,"AtH2023_ERR1135180_MAG5",e29cd4e32ee8ee177917620c5671005f,140
/home/ctbrown/scratch2/2023-swine-usda/outputs.swine-x-reps/SRR17241527.subtract.sig.gz,55,"80cbd46399866b3abdc40fab12668680",80cbd46399866b3abdc40fab12668680,"AtH2023_ERR1135194_MAG13",16ae88f311af3f3d3394c23650e981c5,140
/home/ctbrown/scratch2/2023-swine-usda/outputs.swine-x-reps/SRR17241527.subtract.sig.gz,56,"80cbd46399866b3abdc40fab12668680",80cbd46399866b3abdc40fab12668680,"AtH2023_SRR17241686_MAG24",e68c0fa71b6a653520cef22696d46167,140
/home/ctbrown/scratch2/2023-swine-usda/outputs.swine-x-reps/SRR17241527.subtract.sig.gz,57,"80cbd46399866b3abdc40fab12668680",80cbd46399866b3abdc40fab12668680,"AtH2023_SRR11185252_MAG20",b656bebb76d05d2f6f4990fe8b6b8ed3,139
/home/ctbrown/scratch2/2023-swine-usda/outputs.swine-x-reps/SRR17241527.subtract.sig.gz,58,"80cbd46399866b3abdc40fab12668680",80cbd46399866b3abdc40fab12668680,"SRR11183407_MAG4",e21114173c3b97d059f2de173918e562,138
/home/ctbrown/scratch2/2023-swine-usda/outputs.swine-x-reps/SRR17241527.subtract.sig.gz,59,"80cbd46399866b3abdc40fab12668680",80cbd46399866b3abdc40fab12668680,"AtH2023_SRR17241686_MAG20",62d3ab3a9b17615c17836424e2529303,135
/home/ctbrown/scratch2/2023-swine-usda/outputs.swine-x-reps/SRR17241527.subtract.sig.gz,60,"80cbd46399866b3abdc40fab12668680",80cbd46399866b3abdc40fab12668680,"AtH2023_SRR17241686_MAG30",bb96369385da5831bc11eaaac94c7081,132
/home/ctbrown/scratch2/2023-swine-usda/outputs.swine-x-reps/SRR17241527.subtract.sig.gz,61,"80cbd46399866b3abdc40fab12668680",80cbd46399866b3abdc40fab12668680,"SRR11124721_MAG3",fbcb76a6cb4cf2ce4062e9aa3e6aa5ed,131
/home/ctbrown/scratch2/2023-swine-usda/outputs.swine-x-reps/SRR17241527.subtract.sig.gz,62,"80cbd46399866b3abdc40fab12668680",80cbd46399866b3abdc40fab12668680,"SRR8960621_MAG12",cc9997dfe55c215e65fb6c648bd5ebb1,130
/home/ctbrown/scratch2/2023-swine-usda/outputs.swine-x-reps/SRR17241527.subtract.sig.gz,63,"80cbd46399866b3abdc40fab12668680",80cbd46399866b3abdc40fab12668680,"SRR8960830_MAG5",1a2567f27d925e4f892d2f4d0aaeb979,130
/home/ctbrown/scratch2/2023-swine-usda/outputs.swine-x-reps/SRR17241527.subtract.sig.gz,64,"80cbd46399866b3abdc40fab12668680",80cbd46399866b3abdc40fab12668680,"SRR11126513_MAG4",2fb89ddcc17606d2b36cc988e00fc55a,130
/home/ctbrown/scratch2/2023-swine-usda/outputs.swine-x-reps/SRR17241527.subtract.sig.gz,65,"80cbd46399866b3abdc40fab12668680",80cbd46399866b3abdc40fab12668680,"AtH2023_SRR17241686_MAG17",d33d7e4407fc70902379e76ca3df06b1,120
/home/ctbrown/scratch2/2023-swine-usda/outputs.swine-x-reps/SRR17241527.subtract.sig.gz,66,"80cbd46399866b3abdc40fab12668680",80cbd46399866b3abdc40fab12668680,"AtH2023_SRR19906118_MAG03",3859c0436d5a7a23271c05b3d2183268,119
/home/ctbrown/scratch2/2023-swine-usda/outputs.swine-x-reps/SRR17241527.subtract.sig.gz,67,"80cbd46399866b3abdc40fab12668680",80cbd46399866b3abdc40fab12668680,"AtH2023_ERR1135214_MAG02",89e5fbab85ae6a5cef0ecd85615650e6,113
/home/ctbrown/scratch2/2023-swine-usda/outputs.swine-x-reps/SRR17241527.subtract.sig.gz,68,"80cbd46399866b3abdc40fab12668680",80cbd46399866b3abdc40fab12668680,"SRR15732363_MAG2",161912b05c1590af215c77ff432c61fb,111
/home/ctbrown/scratch2/2023-swine-usda/outputs.swine-x-reps/SRR17241527.subtract.sig.gz,69,"80cbd46399866b3abdc40fab12668680",80cbd46399866b3abdc40fab12668680,"AtH2023_ERR1135187_MAG22",421f4659b12cd025d5a3305c37615598,109
/home/ctbrown/scratch2/2023-swine-usda/outputs.swine-x-reps/SRR17241527.subtract.sig.gz,70,"80cbd46399866b3abdc40fab12668680",80cbd46399866b3abdc40fab12668680,"AtH2023_ERR1135206_MAG1",6f28c326afeb84c2b094b5b751519ee2,109
/home/ctbrown/scratch2/2023-swine-usda/outputs.swine-x-reps/SRR17241527.subtract.sig.gz,71,"80cbd46399866b3abdc40fab12668680",80cbd46399866b3abdc40fab12668680,"SRR12795782_MAG1",853f591ea01616b7727f02b35d379cf8,106
/home/ctbrown/scratch2/2023-swine-usda/outputs.swine-x-reps/SRR17241527.subtract.sig.gz,72,"80cbd46399866b3abdc40fab12668680",80cbd46399866b3abdc40fab12668680,"AtH2023_SRR11185252_MAG12",ccdc684cacd6977eadca45957122aab2,105
/home/ctbrown/scratch2/2023-swine-usda/outputs.swine-x-reps/SRR17241527.subtract.sig.gz,73,"80cbd46399866b3abdc40fab12668680",80cbd46399866b3abdc40fab12668680,"AtH2023_SRR17241686_MAG12",3d554a08c07961d02da7f35e691299a4,102
/home/ctbrown/scratch2/2023-swine-usda/outputs.swine-x-reps/SRR17241527.subtract.sig.gz,74,"80cbd46399866b3abdc40fab12668680",80cbd46399866b3abdc40fab12668680,"AtH2023_SRR17241686_MAG27",6959985e06a60f20ded32c6b6f242dc8,100
/home/ctbrown/scratch2/2023-swine-usda/outputs.swine-x-reps/SRR17241527.subtract.sig.gz,75,"80cbd46399866b3abdc40fab12668680",80cbd46399866b3abdc40fab12668680,"SRR8960621_MAG09",4f7b40e5342b943eef371bffa33a06d8,100
/home/ctbrown/scratch2/2023-swine-usda/outputs.swine-x-reps/SRR17241527.subtract.sig.gz,76,"80cbd46399866b3abdc40fab12668680",80cbd46399866b3abdc40fab12668680,"SRR8960621_MAG10",b43b9ad34f928f4476190a6ea06048ce,95
/home/ctbrown/scratch2/2023-swine-usda/outputs.swine-x-reps/SRR17241527.subtract.sig.gz,77,"80cbd46399866b3abdc40fab12668680",80cbd46399866b3abdc40fab12668680,"AtH2023_ERR1135186_MAG7",38d5e4c6e56ae8b6ca48e6e3539e92ef,92
/home/ctbrown/scratch2/2023-swine-usda/outputs.swine-x-reps/SRR17241527.subtract.sig.gz,78,"80cbd46399866b3abdc40fab12668680",80cbd46399866b3abdc40fab12668680,"AtH2023_ERR1135187_MAG14",c276ad2d9a539c77f0b8febfb6f9f650,88
/home/ctbrown/scratch2/2023-swine-usda/outputs.swine-x-reps/SRR17241527.subtract.sig.gz,79,"80cbd46399866b3abdc40fab12668680",80cbd46399866b3abdc40fab12668680,"SRR8960830_MAG3",b78ac6a0805fb2208d1a5cb1bd08b577,88
/home/ctbrown/scratch2/2023-swine-usda/outputs.swine-x-reps/SRR17241527.subtract.sig.gz,80,"80cbd46399866b3abdc40fab12668680",80cbd46399866b3abdc40fab12668680,"AtH2023_ERR1135254_MAG5",e4ab60d876875b97a0efd2eaee285603,83
/home/ctbrown/scratch2/2023-swine-usda/outputs.swine-x-reps/SRR17241527.subtract.sig.gz,81,"80cbd46399866b3abdc40fab12668680",80cbd46399866b3abdc40fab12668680,"AtH2023_SRR17241686_MAG23",e5f8fabd983911f73c9d26ab89bb562f,83
/home/ctbrown/scratch2/2023-swine-usda/outputs.swine-x-reps/SRR17241527.subtract.sig.gz,82,"80cbd46399866b3abdc40fab12668680",80cbd46399866b3abdc40fab12668680,"AtH2023_SRR17241686_MAG07",9f374cb9775271b023a6dd88e776a7db,80
/home/ctbrown/scratch2/2023-swine-usda/outputs.swine-x-reps/SRR17241527.subtract.sig.gz,83,"80cbd46399866b3abdc40fab12668680",80cbd46399866b3abdc40fab12668680,"AtH2023_SRR11185252_MAG14",fc80fcb6aa6c8dde9abeebe582886bd3,80
/home/ctbrown/scratch2/2023-swine-usda/outputs.swine-x-reps/SRR17241527.subtract.sig.gz,84,"80cbd46399866b3abdc40fab12668680",80cbd46399866b3abdc40fab12668680,"SRR8198110_MAG04",f843ed724f3585cb21081b8610db4c1c,78
/home/ctbrown/scratch2/2023-swine-usda/outputs.swine-x-reps/SRR17241527.subtract.sig.gz,85,"80cbd46399866b3abdc40fab12668680",80cbd46399866b3abdc40fab12668680,"AtH2023_ERR1135198_MAG06",441953ce9dcece482079c8a188d466d5,76
/home/ctbrown/scratch2/2023-swine-usda/outputs.swine-x-reps/SRR17241527.subtract.sig.gz,86,"80cbd46399866b3abdc40fab12668680",80cbd46399866b3abdc40fab12668680,"AtH2023_ERR1135199_MAG08",265ac75fc96df4c94fd5b5e008696073,75
/home/ctbrown/scratch2/2023-swine-usda/outputs.swine-x-reps/SRR17241527.subtract.sig.gz,87,"80cbd46399866b3abdc40fab12668680",80cbd46399866b3abdc40fab12668680,"AtH2023_ERR1135189_MAG02",042edc2e813260b303c2ae97e3a312e9,75
/home/ctbrown/scratch2/2023-swine-usda/outputs.swine-x-reps/SRR17241527.subtract.sig.gz,88,"80cbd46399866b3abdc40fab12668680",80cbd46399866b3abdc40fab12668680,"AtH2023_ERR1135187_MAG05",bf241dd3be3bd9569d19f12a3e4e4cfe,74
/home/ctbrown/scratch2/2023-swine-usda/outputs.swine-x-reps/SRR17241527.subtract.sig.gz,89,"80cbd46399866b3abdc40fab12668680",80cbd46399866b3abdc40fab12668680,"SRR5240741_MAG02",b3df0463091e6adbfa9cc83513fcadbb,73
/home/ctbrown/scratch2/2023-swine-usda/outputs.swine-x-reps/SRR17241527.subtract.sig.gz,90,"80cbd46399866b3abdc40fab12668680",80cbd46399866b3abdc40fab12668680,"AtH2023_ERR1135224_MAG05",6a06b0c9af7a3b86e495effedc5ba9b2,72
/home/ctbrown/scratch2/2023-swine-usda/outputs.swine-x-reps/SRR17241527.subtract.sig.gz,91,"80cbd46399866b3abdc40fab12668680",80cbd46399866b3abdc40fab12668680,"AtH2023_ERR1135194_MAG07",fea21675fcefd45fb5beb25c6d2fea73,71
/home/ctbrown/scratch2/2023-swine-usda/outputs.swine-x-reps/SRR17241527.subtract.sig.gz,92,"80cbd46399866b3abdc40fab12668680",80cbd46399866b3abdc40fab12668680,"AtH2023_ERR1135197_MAG14",6008e9e8638965b61734ec5288b12124,67
/home/ctbrown/scratch2/2023-swine-usda/outputs.swine-x-reps/SRR17241527.subtract.sig.gz,93,"80cbd46399866b3abdc40fab12668680",80cbd46399866b3abdc40fab12668680,"SRR11124721_MAG8",2f8de7534964afda5dfba6c68374bd8c,67
/home/ctbrown/scratch2/2023-swine-usda/outputs.swine-x-reps/SRR17241527.subtract.sig.gz,94,"80cbd46399866b3abdc40fab12668680",80cbd46399866b3abdc40fab12668680,"AtH2023_SRR17241686_MAG21",37fafad8019b85a316b118c28b8ab7ba,64
/home/ctbrown/scratch2/2023-swine-usda/outputs.swine-x-reps/SRR17241527.subtract.sig.gz,95,"80cbd46399866b3abdc40fab12668680",80cbd46399866b3abdc40fab12668680,"AtH2023_ERR1135187_MAG13",1543a0f17bc75ffb36861aab82570940,60
/home/ctbrown/scratch2/2023-swine-usda/outputs.swine-x-reps/SRR17241527.subtract.sig.gz,96,"80cbd46399866b3abdc40fab12668680",80cbd46399866b3abdc40fab12668680,"AtH2023_ERR1135205_MAG17",2607c56054920ff1a3eea26131c913f5,60
/home/ctbrown/scratch2/2023-swine-usda/outputs.swine-x-reps/SRR17241527.subtract.sig.gz,97,"80cbd46399866b3abdc40fab12668680",80cbd46399866b3abdc40fab12668680,"AtH2023_SRR17241686_MAG19",890856a7777c03e66f1d8c20033a546c,59
/home/ctbrown/scratch2/2023-swine-usda/outputs.swine-x-reps/SRR17241527.subtract.sig.gz,98,"80cbd46399866b3abdc40fab12668680",80cbd46399866b3abdc40fab12668680,"SRR11183354_MAG4",54738bd926dc5407871fd88df7c3cf74,54
/home/ctbrown/scratch2/2023-swine-usda/outputs.swine-x-reps/SRR17241527.subtract.sig.gz,99,"80cbd46399866b3abdc40fab12668680",80cbd46399866b3abdc40fab12668680,"AtH2023_ERR1135186_MAG1",cc339366ecdfa0a1d20e03d863183761,50
/home/ctbrown/scratch2/2023-swine-usda/outputs.swine-x-reps/SRR17241527.subtract.sig.gz,100,"80cbd46399866b3abdc40fab12668680",80cbd46399866b3abdc40fab12668680,"AtH2023_ERR1135192_MAG02",274e5867d52d8e9b8ee1c4c13fb70a29,49
/home/ctbrown/scratch2/2023-swine-usda/outputs.swine-x-reps/SRR17241527.subtract.sig.gz,101,"80cbd46399866b3abdc40fab12668680",80cbd46399866b3abdc40fab12668680,"AtH2023_ERR1135188_MAG07",bf3401e2fde436bd3c582b6d85125888,48
/home/ctbrown/scratch2/2023-swine-usda/outputs.swine-x-reps/SRR17241527.subtract.sig.gz,102,"80cbd46399866b3abdc40fab12668680",80cbd46399866b3abdc40fab12668680,"AtH2023_SRR11185252_MAG05",cc0b125b0031392b555215309bfc8bd3,47
/home/ctbrown/scratch2/2023-swine-usda/outputs.swine-x-reps/SRR17241527.subtract.sig.gz,103,"80cbd46399866b3abdc40fab12668680",80cbd46399866b3abdc40fab12668680,"AtH2023_ERR1135205_MAG18",528ee30c84e60cbbc87186969aba5ffb,46
/home/ctbrown/scratch2/2023-swine-usda/outputs.swine-x-reps/SRR17241527.subtract.sig.gz,104,"80cbd46399866b3abdc40fab12668680",80cbd46399866b3abdc40fab12668680,"SRR5240741_MAG09",2c02385ff83b29f7ed75f27f0afbba2f,46
/home/ctbrown/scratch2/2023-swine-usda/outputs.swine-x-reps/SRR17241527.subtract.sig.gz,105,"80cbd46399866b3abdc40fab12668680",80cbd46399866b3abdc40fab12668680,"AtH2023_ERR1135235_MAG8",37bb80656133fc724d93b51f397cac04,45
/home/ctbrown/scratch2/2023-swine-usda/outputs.swine-x-reps/SRR17241527.subtract.sig.gz,106,"80cbd46399866b3abdc40fab12668680",80cbd46399866b3abdc40fab12668680,"SRR5240729_MAG3",4554d8e0a42de7e728a35956d17d6483,44
/home/ctbrown/scratch2/2023-swine-usda/outputs.swine-x-reps/SRR17241527.subtract.sig.gz,107,"80cbd46399866b3abdc40fab12668680",80cbd46399866b3abdc40fab12668680,"AtH2023_ERR1135188_MAG14",5b13570158516770866f46057006ea02,44
/home/ctbrown/scratch2/2023-swine-usda/outputs.swine-x-reps/SRR17241527.subtract.sig.gz,108,"80cbd46399866b3abdc40fab12668680",80cbd46399866b3abdc40fab12668680,"AtH2023_ERR1135225_MAG3",1212077886afafb34c1c9c339f96645c,42
/home/ctbrown/scratch2/2023-swine-usda/outputs.swine-x-reps/SRR17241527.subtract.sig.gz,109,"80cbd46399866b3abdc40fab12668680",80cbd46399866b3abdc40fab12668680,"AtH2023_SRR17241686_MAG01",bce5d8167a444a3513d5cf2b8e09ed31,41
/home/ctbrown/scratch2/2023-swine-usda/outputs.swine-x-reps/SRR17241527.subtract.sig.gz,110,"80cbd46399866b3abdc40fab12668680",80cbd46399866b3abdc40fab12668680,"SRR11183407_MAG2",2c38a6e1c60c2ea48e5c5eae0d2b154a,37
/home/ctbrown/scratch2/2023-swine-usda/outputs.swine-x-reps/SRR17241527.subtract.sig.gz,111,"80cbd46399866b3abdc40fab12668680",80cbd46399866b3abdc40fab12668680,"AtH2023_ERR1135182_MAG1",756f11ec2222c9f627d158642f304831,36
/home/ctbrown/scratch2/2023-swine-usda/outputs.swine-x-reps/SRR17241527.subtract.sig.gz,112,"80cbd46399866b3abdc40fab12668680",80cbd46399866b3abdc40fab12668680,"SRR8960777_MAG04",6d2431fff07bd4eefe58cfa8e4556799,36
/home/ctbrown/scratch2/2023-swine-usda/outputs.swine-x-reps/SRR17241527.subtract.sig.gz,113,"80cbd46399866b3abdc40fab12668680",80cbd46399866b3abdc40fab12668680,"ERR1135204_MAG01",7a32e294237625c033924fefba43895d,35
/home/ctbrown/scratch2/2023-swine-usda/outputs.swine-x-reps/SRR17241527.subtract.sig.gz,114,"80cbd46399866b3abdc40fab12668680",80cbd46399866b3abdc40fab12668680,"SRR11124915_MAG2",58d2d92e720d0204c1fe34562bdb1561,35
/home/ctbrown/scratch2/2023-swine-usda/outputs.swine-x-reps/SRR17241527.subtract.sig.gz,115,"80cbd46399866b3abdc40fab12668680",80cbd46399866b3abdc40fab12668680,"AtH2023_ERR1135178_MAG2",13eb019e3d04d20dc6471d66743b9777,32
/home/ctbrown/scratch2/2023-swine-usda/outputs.swine-x-reps/SRR17241527.subtract.sig.gz,116,"80cbd46399866b3abdc40fab12668680",80cbd46399866b3abdc40fab12668680,"AtH2023_SRR19906118_MAG01",e77cd374f9245bfcb5de398ef11ee52d,32
/home/ctbrown/scratch2/2023-swine-usda/outputs.swine-x-reps/SRR17241527.subtract.sig.gz,117,"80cbd46399866b3abdc40fab12668680",80cbd46399866b3abdc40fab12668680,"AtH2023_ERR1135256_MAG1",7660171583f843931eb1de531870d70b,32
/home/ctbrown/scratch2/2023-swine-usda/outputs.swine-x-reps/SRR17241527.subtract.sig.gz,118,"80cbd46399866b3abdc40fab12668680",80cbd46399866b3abdc40fab12668680,"AtH2023_ERR1135190_MAG04",9b10e128cfbfea7ed65edb98cef486eb,31
/home/ctbrown/scratch2/2023-swine-usda/outputs.swine-x-reps/SRR17241527.subtract.sig.gz,119,"80cbd46399866b3abdc40fab12668680",80cbd46399866b3abdc40fab12668680,"SRR8960621_MAG05",259502bf1c038367c88b9aef187cbd95,31
/home/ctbrown/scratch2/2023-swine-usda/outputs.swine-x-reps/SRR17241527.subtract.sig.gz,120,"80cbd46399866b3abdc40fab12668680",80cbd46399866b3abdc40fab12668680,"AtH2023_ERR1135188_MAG02",5ffd32cae9d092636287e531ebe73b22,30
/home/ctbrown/scratch2/2023-swine-usda/outputs.swine-x-reps/SRR17241527.subtract.sig.gz,121,"80cbd46399866b3abdc40fab12668680",80cbd46399866b3abdc40fab12668680,"AtH2023_ERR1135205_MAG11",e70b8d0e4d6b1cb11a5c228f0fc7b80f,30
/home/ctbrown/scratch2/2023-swine-usda/outputs.swine-x-reps/SRR17241527.subtract.sig.gz,122,"80cbd46399866b3abdc40fab12668680",80cbd46399866b3abdc40fab12668680,"SRR8960918_MAG06",de0094bc17fdecd1883c8303470b92b4,30
/home/ctbrown/scratch2/2023-swine-usda/outputs.swine-x-reps/SRR17241527.subtract.sig.gz,123,"80cbd46399866b3abdc40fab12668680",80cbd46399866b3abdc40fab12668680,"AtH2023_ERR1135194_MAG02",59a82dca4085aaa0b027798b39e6eee6,29
/home/ctbrown/scratch2/2023-swine-usda/outputs.swine-x-reps/SRR17241527.subtract.sig.gz,124,"80cbd46399866b3abdc40fab12668680",80cbd46399866b3abdc40fab12668680,"SRR8960777_MAG01",cd74e530b511173da558f2fb15c54660,29
/home/ctbrown/scratch2/2023-swine-usda/outputs.swine-x-reps/SRR17241527.subtract.sig.gz,125,"80cbd46399866b3abdc40fab12668680",80cbd46399866b3abdc40fab12668680,"AtH2023_ERR1135213_MAG13",09afbee982ca6b17a2240499d808a191,29
/home/ctbrown/scratch2/2023-swine-usda/outputs.swine-x-reps/SRR17241527.subtract.sig.gz,126,"80cbd46399866b3abdc40fab12668680",80cbd46399866b3abdc40fab12668680,"SRR5240729_MAG1",c19bca1d05d5a78f55c7607478bbac4a,29
/home/ctbrown/scratch2/2023-swine-usda/outputs.swine-x-reps/SRR17241527.subtract.sig.gz,127,"80cbd46399866b3abdc40fab12668680",80cbd46399866b3abdc40fab12668680,"SRR8198110_MAG12",ccee24cf9d38399c114115767e0b2767,29
/home/ctbrown/scratch2/2023-swine-usda/outputs.swine-x-reps/SRR17241527.subtract.sig.gz,128,"80cbd46399866b3abdc40fab12668680",80cbd46399866b3abdc40fab12668680,"SRR11183474_MAG1",1ef1bf99dbdcac25b63f48cad583e0d4,28
/home/ctbrown/scratch2/2023-swine-usda/outputs.swine-x-reps/SRR17241527.subtract.sig.gz,129,"80cbd46399866b3abdc40fab12668680",80cbd46399866b3abdc40fab12668680,"SRR8198110_MAG14",a6b9b44e2d4dae35054972ef8a5fb800,28
/home/ctbrown/scratch2/2023-swine-usda/outputs.swine-x-reps/SRR17241527.subtract.sig.gz,130,"80cbd46399866b3abdc40fab12668680",80cbd46399866b3abdc40fab12668680,"ERR1135402_MAG6",7bce65d1a2cc3273836af550a7fac6f4,27
/home/ctbrown/scratch2/2023-swine-usda/outputs.swine-x-reps/SRR17241527.subtract.sig.gz,131,"80cbd46399866b3abdc40fab12668680",80cbd46399866b3abdc40fab12668680,"SRR11183772_MAG1",b7e7923ce18f51e629218f45bcc7e0f6,26
/home/ctbrown/scratch2/2023-swine-usda/outputs.swine-x-reps/SRR17241527.subtract.sig.gz,132,"80cbd46399866b3abdc40fab12668680",80cbd46399866b3abdc40fab12668680,"AtH2023_SRR11185252_MAG29",f3b867639145d9f5f2601f6fc24fe870,25
/home/ctbrown/scratch2/2023-swine-usda/outputs.swine-x-reps/SRR17241527.subtract.sig.gz,133,"80cbd46399866b3abdc40fab12668680",80cbd46399866b3abdc40fab12668680,"SRR11183901_MAG7",0b9b37b13a14aac16856d5fec2b2866c,25
/home/ctbrown/scratch2/2023-swine-usda/outputs.swine-x-reps/SRR17241527.subtract.sig.gz,134,"80cbd46399866b3abdc40fab12668680",80cbd46399866b3abdc40fab12668680,"AtH2023_ERR1135217_MAG08",06eafe65a497227d3f13bb069f705192,25
/home/ctbrown/scratch2/2023-swine-usda/outputs.swine-x-reps/SRR17241527.subtract.sig.gz,135,"80cbd46399866b3abdc40fab12668680",80cbd46399866b3abdc40fab12668680,"AtH2023_SRR17241686_MAG34",817a33307dad3a6d7f1b23ca47ed68dc,25
/home/ctbrown/scratch2/2023-swine-usda/outputs.swine-x-reps/SRR17241527.subtract.sig.gz,136,"80cbd46399866b3abdc40fab12668680",80cbd46399866b3abdc40fab12668680,"SRR8960621_MAG08",7cb765e47425329473e2aed6175c1bc0,25
/home/ctbrown/scratch2/2023-swine-usda/outputs.swine-x-reps/SRR17241527.subtract.sig.gz,137,"80cbd46399866b3abdc40fab12668680",80cbd46399866b3abdc40fab12668680,"AtH2023_ERR1135193_MAG02",cad399fd17a77100d50cde3349a9b86c,25
/home/ctbrown/scratch2/2023-swine-usda/outputs.swine-x-reps/SRR17241527.subtract.sig.gz,138,"80cbd46399866b3abdc40fab12668680",80cbd46399866b3abdc40fab12668680,"AtH2023_ERR1135192_MAG07",604ecd3114a79826c179bbaf99deb843,24
/home/ctbrown/scratch2/2023-swine-usda/outputs.swine-x-reps/SRR17241527.subtract.sig.gz,139,"80cbd46399866b3abdc40fab12668680",80cbd46399866b3abdc40fab12668680,"AtH2023_ERR1135198_MAG12",98c33abec34c1eb9ac95003c467d0990,23
/home/ctbrown/scratch2/2023-swine-usda/outputs.swine-x-reps/SRR17241527.subtract.sig.gz,140,"80cbd46399866b3abdc40fab12668680",80cbd46399866b3abdc40fab12668680,"AtH2023_ERR1135198_MAG16",075fe8da72c3f2761dbe9d2394923be8,23
/home/ctbrown/scratch2/2023-swine-usda/outputs.swine-x-reps/SRR17241527.subtract.sig.gz,141,"80cbd46399866b3abdc40fab12668680",80cbd46399866b3abdc40fab12668680,"AtH2023_ERR1135245_MAG3",fde953370c0f6dc58c5b0fbb6b3b1165,23
/home/ctbrown/scratch2/2023-swine-usda/outputs.swine-x-reps/SRR17241527.subtract.sig.gz,142,"80cbd46399866b3abdc40fab12668680",80cbd46399866b3abdc40fab12668680,"SRR8960918_MAG08",bd3ab1abbdfb37334246d96de8571eaa,22
/home/ctbrown/scratch2/2023-swine-usda/outputs.swine-x-reps/SRR17241527.subtract.sig.gz,143,"80cbd46399866b3abdc40fab12668680",80cbd46399866b3abdc40fab12668680,"AtH2023_ERR1135245_MAG6",eb139d2a462c0a8dd95f9ae0c013e532,22
/home/ctbrown/scratch2/2023-swine-usda/outputs.swine-x-reps/SRR17241527.subtract.sig.gz,144,"80cbd46399866b3abdc40fab12668680",80cbd46399866b3abdc40fab12668680,"SRR11551371_MAG8",4140670d389c568087a91025bc9402cb,22
/home/ctbrown/scratch2/2023-swine-usda/outputs.swine-x-reps/SRR17241527.subtract.sig.gz,145,"80cbd46399866b3abdc40fab12668680",80cbd46399866b3abdc40fab12668680,"SRR5240741_MAG04",b3298c899e157bb907675f59dd3937ee,22
/home/ctbrown/scratch2/2023-swine-usda/outputs.swine-x-reps/SRR17241527.subtract.sig.gz,146,"80cbd46399866b3abdc40fab12668680",80cbd46399866b3abdc40fab12668680,"AtH2023_ERR1135267_MAG2",710c691cdac00402009f250680f83c59,21
/home/ctbrown/scratch2/2023-swine-usda/outputs.swine-x-reps/SRR17241527.subtract.sig.gz,147,"80cbd46399866b3abdc40fab12668680",80cbd46399866b3abdc40fab12668680,"SRR12795780_MAG2",55ec89d5110005f3e59bbb6472f0ba85,21
/home/ctbrown/scratch2/2023-swine-usda/outputs.swine-x-reps/SRR17241527.subtract.sig.gz,148,"80cbd46399866b3abdc40fab12668680",80cbd46399866b3abdc40fab12668680,"AtH2023_ERR1135193_MAG04",597f6e05111f019c70790f6dc5a66171,21
/home/ctbrown/scratch2/2023-swine-usda/outputs.swine-x-reps/SRR17241527.subtract.sig.gz,149,"80cbd46399866b3abdc40fab12668680",80cbd46399866b3abdc40fab12668680,"SRR8960980_MAG15",a7579e8df0904634819664acc555fa4c,21
/home/ctbrown/scratch2/2023-swine-usda/outputs.swine-x-reps/SRR17241527.subtract.sig.gz,150,"80cbd46399866b3abdc40fab12668680",80cbd46399866b3abdc40fab12668680,"SRR11125226_MAG2",2843587c77f76ef9cd1007c8c7e7fb2d,20
/home/ctbrown/scratch2/2023-swine-usda/outputs.swine-x-reps/SRR17241527.subtract.sig.gz,151,"80cbd46399866b3abdc40fab12668680",80cbd46399866b3abdc40fab12668680,"SRR8960918_MAG22",d5dc17d00f559bb354362948176011d0,20
/home/ctbrown/scratch2/2023-swine-usda/outputs.swine-x-reps/SRR17241527.subtract.sig.gz,152,"80cbd46399866b3abdc40fab12668680",80cbd46399866b3abdc40fab12668680,"AtH2023_ERR1135209_MAG02",130c15670c15e424d0f7bd2ddd9fe1f2,20
/home/ctbrown/scratch2/2023-swine-usda/outputs.swine-x-reps/SRR17241527.subtract.sig.gz,153,"80cbd46399866b3abdc40fab12668680",80cbd46399866b3abdc40fab12668680,"SRR11124721_MAG6",9c0484c1b3060edfa381f5b61efe5b4f,19
/home/ctbrown/scratch2/2023-swine-usda/outputs.swine-x-reps/SRR17241527.subtract.sig.gz,154,"80cbd46399866b3abdc40fab12668680",80cbd46399866b3abdc40fab12668680,"SRR8960980_MAG12",b0741623f4dc1a34f357ab84b5912f31,19
/home/ctbrown/scratch2/2023-swine-usda/outputs.swine-x-reps/SRR17241527.subtract.sig.gz,155,"80cbd46399866b3abdc40fab12668680",80cbd46399866b3abdc40fab12668680,"SRR11183354_MAG2",7edb867b4db0eb579ef664f77c30d9fc,19
/home/ctbrown/scratch2/2023-swine-usda/outputs.swine-x-reps/SRR17241527.subtract.sig.gz,156,"80cbd46399866b3abdc40fab12668680",80cbd46399866b3abdc40fab12668680,"AtH2023_ERR1135220_MAG6",b3619455134fb6061d1ac9f478a514b5,18
/home/ctbrown/scratch2/2023-swine-usda/outputs.swine-x-reps/SRR17241527.subtract.sig.gz,157,"80cbd46399866b3abdc40fab12668680",80cbd46399866b3abdc40fab12668680,"AtH2023_ERR1135220_MAG2",8fd6dcc65c45e12fdc4f1f16d58c64be,18
/home/ctbrown/scratch2/2023-swine-usda/outputs.swine-x-reps/SRR17241527.subtract.sig.gz,158,"80cbd46399866b3abdc40fab12668680",80cbd46399866b3abdc40fab12668680,"AtH2023_ERR1135193_MAG09",51e41d7cc3fcd14c97f7443ce46518ff,18
/home/ctbrown/scratch2/2023-swine-usda/outputs.swine-x-reps/SRR17241527.subtract.sig.gz,159,"80cbd46399866b3abdc40fab12668680",80cbd46399866b3abdc40fab12668680,"AtH2023_ERR1135215_MAG4",bc4cb995a138dd22fd91f3b16e07d054,18
/home/ctbrown/scratch2/2023-swine-usda/outputs.swine-x-reps/SRR17241527.subtract.sig.gz,160,"80cbd46399866b3abdc40fab12668680",80cbd46399866b3abdc40fab12668680,"AtH2023_ERR1135265_MAG4",2a0063b2efc9667adfc991499545b395,18
/home/ctbrown/scratch2/2023-swine-usda/outputs.swine-x-reps/SRR17241527.subtract.sig.gz,161,"80cbd46399866b3abdc40fab12668680",80cbd46399866b3abdc40fab12668680,"SRR5240741_MAG03",a1a4985021e0ee93638f3cf84beffeba,18
/home/ctbrown/scratch2/2023-swine-usda/outputs.swine-x-reps/SRR17241527.subtract.sig.gz,162,"80cbd46399866b3abdc40fab12668680",80cbd46399866b3abdc40fab12668680,"AtH2023_ERR1135220_MAG3",2d0589e8b26ac90240e3d6fd9f59e9e4,18
/home/ctbrown/scratch2/2023-swine-usda/outputs.swine-x-reps/SRR17241527.subtract.sig.gz,163,"80cbd46399866b3abdc40fab12668680",80cbd46399866b3abdc40fab12668680,"SRR8198110_MAG06",065ca4ba2f3115fa7cd231b2a6c368ac,18
/home/ctbrown/scratch2/2023-swine-usda/outputs.swine-x-reps/SRR17241527.subtract.sig.gz,164,"80cbd46399866b3abdc40fab12668680",80cbd46399866b3abdc40fab12668680,"ERR1135348_MAG1",166d1d83975a1c9c7d62c9ddaab7237d,18
/home/ctbrown/scratch2/2023-swine-usda/outputs.swine-x-reps/SRR17241527.subtract.sig.gz,165,"80cbd46399866b3abdc40fab12668680",80cbd46399866b3abdc40fab12668680,"SRR8960980_MAG01",aaeb5da8851e59e659a9bc3ae0a3ef2e,17
/home/ctbrown/scratch2/2023-swine-usda/outputs.swine-x-reps/SRR17241527.subtract.sig.gz,166,"80cbd46399866b3abdc40fab12668680",80cbd46399866b3abdc40fab12668680,"AtH2023_ERR1135262_MAG03",3d873123a36531bf1c85320107598fb9,17
/home/ctbrown/scratch2/2023-swine-usda/outputs.swine-x-reps/SRR17241527.subtract.sig.gz,167,"80cbd46399866b3abdc40fab12668680",80cbd46399866b3abdc40fab12668680,"AtH2023_ERR1135197_MAG05",de00453c67b751e85daf7105a421cee2,17
/home/ctbrown/scratch2/2023-swine-usda/outputs.swine-x-reps/SRR17241527.subtract.sig.gz,168,"80cbd46399866b3abdc40fab12668680",80cbd46399866b3abdc40fab12668680,"AtH2023_ERR1135197_MAG18",5b3f1d7f8de69262e42e3593a88bfaad,16
/home/ctbrown/scratch2/2023-swine-usda/outputs.swine-x-reps/SRR17241527.subtract.sig.gz,169,"80cbd46399866b3abdc40fab12668680",80cbd46399866b3abdc40fab12668680,"AtH2023_ERR1135203_MAG07",a0d9c9d705b42cfb8d4ac37b774dbe51,16
/home/ctbrown/scratch2/2023-swine-usda/outputs.swine-x-reps/SRR17241527.subtract.sig.gz,170,"80cbd46399866b3abdc40fab12668680",80cbd46399866b3abdc40fab12668680,"AtH2023_ERR1135186_MAG6",2465370b207363c6b33e0fd68fa2193b,16
/home/ctbrown/scratch2/2023-swine-usda/outputs.swine-x-reps/SRR17241527.subtract.sig.gz,171,"80cbd46399866b3abdc40fab12668680",80cbd46399866b3abdc40fab12668680,"AtH2023_ERR1135264_MAG3",489dafe9299e7e657c519864b94b3bc4,16
/home/ctbrown/scratch2/2023-swine-usda/outputs.swine-x-reps/SRR17241527.subtract.sig.gz,172,"80cbd46399866b3abdc40fab12668680",80cbd46399866b3abdc40fab12668680,"ERR1135402_MAG4",81f501f0c74029b8a763e60c9abc3814,16
/home/ctbrown/scratch2/2023-swine-usda/outputs.swine-x-reps/SRR17241527.subtract.sig.gz,173,"80cbd46399866b3abdc40fab12668680",80cbd46399866b3abdc40fab12668680,"AtH2023_ERR1135205_MAG07",c97ac4b043da3594dfc8a151577e9306,16
/home/ctbrown/scratch2/2023-swine-usda/outputs.swine-x-reps/SRR17241527.subtract.sig.gz,174,"80cbd46399866b3abdc40fab12668680",80cbd46399866b3abdc40fab12668680,"SRR8960621_MAG13",ebe84521ab963d08cc19737cc47c0e91,15
/home/ctbrown/scratch2/2023-swine-usda/outputs.swine-x-reps/SRR17241527.subtract.sig.gz,175,"80cbd46399866b3abdc40fab12668680",80cbd46399866b3abdc40fab12668680,"AtH2023_ERR1135218_MAG11",29753881d5d0f492589810a15a619d36,15
/home/ctbrown/scratch2/2023-swine-usda/outputs.swine-x-reps/SRR17241527.subtract.sig.gz,176,"80cbd46399866b3abdc40fab12668680",80cbd46399866b3abdc40fab12668680,"AtH2023_SRR17241686_MAG05",4893ca40c2b70a066a4309b65aa3024d,15
/home/ctbrown/scratch2/2023-swine-usda/outputs.swine-x-reps/SRR17241527.subtract.sig.gz,177,"80cbd46399866b3abdc40fab12668680",80cbd46399866b3abdc40fab12668680,"SRR11124986_MAG4",7b73e511c3b1faa61240222e2238058c,15
/home/ctbrown/scratch2/2023-swine-usda/outputs.swine-x-reps/SRR17241527.subtract.sig.gz,178,"80cbd46399866b3abdc40fab12668680",80cbd46399866b3abdc40fab12668680,"AtH2023_ERR1135184_MAG10",ab59baa034af843d2b01b892d38231f2,15
/home/ctbrown/scratch2/2023-swine-usda/outputs.swine-x-reps/SRR17241527.subtract.sig.gz,179,"80cbd46399866b3abdc40fab12668680",80cbd46399866b3abdc40fab12668680,"SRR8198110_MAG19",85344b20934bec64bbad412be84b834d,14
/home/ctbrown/scratch2/2023-swine-usda/outputs.swine-x-reps/SRR17241527.subtract.sig.gz,180,"80cbd46399866b3abdc40fab12668680",80cbd46399866b3abdc40fab12668680,"AtH2023_ERR1135213_MAG08",bf8f276b0eb3e9d9272ff2bb6a0f2af7,14
/home/ctbrown/scratch2/2023-swine-usda/outputs.swine-x-reps/SRR17241527.subtract.sig.gz,181,"80cbd46399866b3abdc40fab12668680",80cbd46399866b3abdc40fab12668680,"SRR8960777_MAG08",3d402a7bc426b43f6e2fe40a0eaac424,14
/home/ctbrown/scratch2/2023-swine-usda/outputs.swine-x-reps/SRR17241527.subtract.sig.gz,182,"80cbd46399866b3abdc40fab12668680",80cbd46399866b3abdc40fab12668680,"AtH2023_ERR1135199_MAG04",3f15ef4be0f1725828014c4564e0561d,14
/home/ctbrown/scratch2/2023-swine-usda/outputs.swine-x-reps/SRR17241527.subtract.sig.gz,183,"80cbd46399866b3abdc40fab12668680",80cbd46399866b3abdc40fab12668680,"AtH2023_ERR1135185_MAG2",4229b29378cbeb2a51d8db4079a90c4a,14
/home/ctbrown/scratch2/2023-swine-usda/outputs.swine-x-reps/SRR17241527.subtract.sig.gz,184,"80cbd46399866b3abdc40fab12668680",80cbd46399866b3abdc40fab12668680,"AtH2023_ERR1135188_MAG05",7c9ff8adfb56aab3b6870e297d6fb141,14
/home/ctbrown/scratch2/2023-swine-usda/outputs.swine-x-reps/SRR17241527.subtract.sig.gz,185,"80cbd46399866b3abdc40fab12668680",80cbd46399866b3abdc40fab12668680,"AtH2023_ERR1135208_MAG6",2624babbe4043403869b34d0b18f5b9c,13
/home/ctbrown/scratch2/2023-swine-usda/outputs.swine-x-reps/SRR17241527.subtract.sig.gz,186,"80cbd46399866b3abdc40fab12668680",80cbd46399866b3abdc40fab12668680,"AtH2023_ERR1135269_MAG1",fe884ea1135850aa26e8fe3693cf9ce0,13
/home/ctbrown/scratch2/2023-swine-usda/outputs.swine-x-reps/SRR17241527.subtract.sig.gz,187,"80cbd46399866b3abdc40fab12668680",80cbd46399866b3abdc40fab12668680,"AtH2023_ERR1135194_MAG04",c1a9101e00e96a183603cabfed165930,13
/home/ctbrown/scratch2/2023-swine-usda/outputs.swine-x-reps/SRR17241527.subtract.sig.gz,188,"80cbd46399866b3abdc40fab12668680",80cbd46399866b3abdc40fab12668680,"AtH2023_ERR1135195_MAG08",64e4b10f2275342b905f6fa2ba2452ce,13
/home/ctbrown/scratch2/2023-swine-usda/outputs.swine-x-reps/SRR17241527.subtract.sig.gz,189,"80cbd46399866b3abdc40fab12668680",80cbd46399866b3abdc40fab12668680,"AtH2023_ERR1135217_MAG01",25a740b76e06d68dc9322146bf47d7fe,13
/home/ctbrown/scratch2/2023-swine-usda/outputs.swine-x-reps/SRR17241527.subtract.sig.gz,190,"80cbd46399866b3abdc40fab12668680",80cbd46399866b3abdc40fab12668680,"AtH2023_SRR2329666_MAG10",444159500d89952de6cc93fb0a735cd5,13
/home/ctbrown/scratch2/2023-swine-usda/outputs.swine-x-reps/SRR17241527.subtract.sig.gz,191,"80cbd46399866b3abdc40fab12668680",80cbd46399866b3abdc40fab12668680,"AtH2023_ERR1135189_MAG06",3c6391b1f02a8941fe960407a6bacd68,13
/home/ctbrown/scratch2/2023-swine-usda/outputs.swine-x-reps/SRR17241527.subtract.sig.gz,192,"80cbd46399866b3abdc40fab12668680",80cbd46399866b3abdc40fab12668680,"ERR1135204_MAG09",f9c83e75f7da1271e1ed0ab872a22410,13
/home/ctbrown/scratch2/2023-swine-usda/outputs.swine-x-reps/SRR17241527.subtract.sig.gz,193,"80cbd46399866b3abdc40fab12668680",80cbd46399866b3abdc40fab12668680,"ERR1135340_MAG4",4a16ee5862fbd7536d65757d5e1a9f73,13
/home/ctbrown/scratch2/2023-swine-usda/outputs.swine-x-reps/SRR17241527.subtract.sig.gz,194,"80cbd46399866b3abdc40fab12668680",80cbd46399866b3abdc40fab12668680,"AtH2023_ERR1135251_MAG1",7a87d6b5c254ee81dd0d7ca6944fbe83,13
/home/ctbrown/scratch2/2023-swine-usda/outputs.swine-x-reps/SRR17241527.subtract.sig.gz,195,"80cbd46399866b3abdc40fab12668680",80cbd46399866b3abdc40fab12668680,"AtH2023_ERR1135192_MAG11",c80996d48df083bfb9fc945883125908,13
/home/ctbrown/scratch2/2023-swine-usda/outputs.swine-x-reps/SRR17241527.subtract.sig.gz,196,"80cbd46399866b3abdc40fab12668680",80cbd46399866b3abdc40fab12668680,"AtH2023_SRR2329775_MAG2",e61b8d02c3fc247bd508bf77bfa09366,13
/home/ctbrown/scratch2/2023-swine-usda/outputs.swine-x-reps/SRR17241527.subtract.sig.gz,197,"80cbd46399866b3abdc40fab12668680",80cbd46399866b3abdc40fab12668680,"AtH2023_ERR1135221_MAG4",91a803b53ceb8da73e352a026319779b,12
/home/ctbrown/scratch2/2023-swine-usda/outputs.swine-x-reps/SRR17241527.subtract.sig.gz,198,"80cbd46399866b3abdc40fab12668680",80cbd46399866b3abdc40fab12668680,"AtH2023_ERR1135209_MAG13",30d2fc906c5b353279e67840f79d93be,12
/home/ctbrown/scratch2/2023-swine-usda/outputs.swine-x-reps/SRR17241527.subtract.sig.gz,199,"80cbd46399866b3abdc40fab12668680",80cbd46399866b3abdc40fab12668680,"ERR1135402_MAG1",208ccedd5db6d1235fc7704870fa8ccf,12
/home/ctbrown/scratch2/2023-swine-usda/outputs.swine-x-reps/SRR17241527.subtract.sig.gz,200,"80cbd46399866b3abdc40fab12668680",80cbd46399866b3abdc40fab12668680,"SRR8960980_MAG07",fd47a9a1917a53c427e0a1951d7cb93c,12
/home/ctbrown/scratch2/2023-swine-usda/outputs.swine-x-reps/SRR17241527.subtract.sig.gz,201,"80cbd46399866b3abdc40fab12668680",80cbd46399866b3abdc40fab12668680,"AtH2023_ERR1135257_MAG1",35d3cc5d984c3ec5f02a52b47ef2bbce,12
/home/ctbrown/scratch2/2023-swine-usda/outputs.swine-x-reps/SRR17241527.subtract.sig.gz,202,"80cbd46399866b3abdc40fab12668680",80cbd46399866b3abdc40fab12668680,"AtH2023_ERR1135187_MAG07",38ddfdebfb1b39281166729eb9ebe6c9,12
/home/ctbrown/scratch2/2023-swine-usda/outputs.swine-x-reps/SRR17241527.subtract.sig.gz,203,"80cbd46399866b3abdc40fab12668680",80cbd46399866b3abdc40fab12668680,"AtH2023_ERR1135193_MAG03",f7193c3d8d701742c198c23f2342e685,12
/home/ctbrown/scratch2/2023-swine-usda/outputs.swine-x-reps/SRR17241527.subtract.sig.gz,204,"80cbd46399866b3abdc40fab12668680",80cbd46399866b3abdc40fab12668680,"AtH2023_ERR1135250_MAG01",df9a3d0aa9a9e920fb97126483ce3aa1,12
/home/ctbrown/scratch2/2023-swine-usda/outputs.swine-x-reps/SRR17241527.subtract.sig.gz,205,"80cbd46399866b3abdc40fab12668680",80cbd46399866b3abdc40fab12668680,"SRR5240741_MAG07",f2629d8b216c30f37318e4d00a4523af,12
/home/ctbrown/scratch2/2023-swine-usda/outputs.swine-x-reps/SRR17241527.subtract.sig.gz,206,"80cbd46399866b3abdc40fab12668680",80cbd46399866b3abdc40fab12668680,"SRR8960777_MAG09",acfd005cd351a77b5b81f5b9dba9fb59,11
/home/ctbrown/scratch2/2023-swine-usda/outputs.swine-x-reps/SRR17241527.subtract.sig.gz,207,"80cbd46399866b3abdc40fab12668680",80cbd46399866b3abdc40fab12668680,"AtH2023_ERR1135182_MAG8",80f29cc46111d075eccb15559a8936f4,11
/home/ctbrown/scratch2/2023-swine-usda/outputs.swine-x-reps/SRR17241527.subtract.sig.gz,208,"80cbd46399866b3abdc40fab12668680",80cbd46399866b3abdc40fab12668680,"SRR5240741_MAG06",17f5a1f1fdd257c57a6efae64390f029,11
/home/ctbrown/scratch2/2023-swine-usda/outputs.swine-x-reps/SRR17241527.subtract.sig.gz,209,"80cbd46399866b3abdc40fab12668680",80cbd46399866b3abdc40fab12668680,"AtH2023_SRR2329775_MAG4",e212538f33297e0d7f7f42ead50f5abf,11
/home/ctbrown/scratch2/2023-swine-usda/outputs.swine-x-reps/SRR17241527.subtract.sig.gz,210,"80cbd46399866b3abdc40fab12668680",80cbd46399866b3abdc40fab12668680,"SRR8198110_MAG10",4286fde1b26f67e77f0bbcedded0d2a1,11
/home/ctbrown/scratch2/2023-swine-usda/outputs.swine-x-reps/SRR17241527.subtract.sig.gz,211,"80cbd46399866b3abdc40fab12668680",80cbd46399866b3abdc40fab12668680,"AtH2023_ERR1135189_MAG08",a9eee61f4242926521a577ff85e59187,11
/home/ctbrown/scratch2/2023-swine-usda/outputs.swine-x-reps/SRR17241527.subtract.sig.gz,212,"80cbd46399866b3abdc40fab12668680",80cbd46399866b3abdc40fab12668680,"AtH2023_ERR1135256_MAG5",e66b9eb0f64fb2b0327e85c1fc7e9fa7,11
/home/ctbrown/scratch2/2023-swine-usda/outputs.swine-x-reps/SRR17241527.subtract.sig.gz,213,"80cbd46399866b3abdc40fab12668680",80cbd46399866b3abdc40fab12668680,"AtH2023_SRR2329666_MAG13",510e2c05b87add120392b81aba049a9a,11
/home/ctbrown/scratch2/2023-swine-usda/outputs.swine-x-reps/SRR17241527.subtract.sig.gz,214,"80cbd46399866b3abdc40fab12668680",80cbd46399866b3abdc40fab12668680,"SRR11126074_MAG4",0a042f178b6c827b54f5856933eb57d2,11
/home/ctbrown/scratch2/2023-swine-usda/outputs.swine-x-reps/SRR17241527.subtract.sig.gz,215,"80cbd46399866b3abdc40fab12668680",80cbd46399866b3abdc40fab12668680,"SRR8960918_MAG05",dc34fd45d05abdaa03ddbfa60029446d,11
/home/ctbrown/scratch2/2023-swine-usda/outputs.swine-x-reps/SRR17241527.subtract.sig.gz,216,"80cbd46399866b3abdc40fab12668680",80cbd46399866b3abdc40fab12668680,"AtH2023_ERR1135196_MAG05",e51d9eafed5107d08da3aa4d70107854,11
/home/ctbrown/scratch2/2023-swine-usda/outputs.swine-x-reps/SRR17241527.subtract.sig.gz,217,"80cbd46399866b3abdc40fab12668680",80cbd46399866b3abdc40fab12668680,"AtH2023_ERR1135217_MAG07",d83cac6683d39b6bf5e2ad939acdaa67,11
/home/ctbrown/scratch2/2023-swine-usda/outputs.swine-x-reps/SRR17241527.subtract.sig.gz,218,"80cbd46399866b3abdc40fab12668680",80cbd46399866b3abdc40fab12668680,"SRR15410036_MAG1",80f4209df9d491b41cd7757829707ef4,11
/home/ctbrown/scratch2/2023-swine-usda/outputs.swine-x-reps/SRR17241527.subtract.sig.gz,219,"80cbd46399866b3abdc40fab12668680",80cbd46399866b3abdc40fab12668680,"AtH2023_ERR1135198_MAG10",c0840e444cfc4852711e4cbd5df13a55,11
/home/ctbrown/scratch2/2023-swine-usda/outputs.swine-x-reps/SRR17241527.subtract.sig.gz,220,"80cbd46399866b3abdc40fab12668680",80cbd46399866b3abdc40fab12668680,"AtH2023_SRR11185252_MAG22",70ca25c19a6b22fbfd6329d2c04a7597,11
/home/ctbrown/scratch2/2023-swine-usda/outputs.swine-x-reps/SRR17241527.subtract.sig.gz,221,"80cbd46399866b3abdc40fab12668680",80cbd46399866b3abdc40fab12668680,"AtH2023_ERR1135249_MAG1",f694edb4ba72880bea24144c8e7d3a7c,10
/home/ctbrown/scratch2/2023-swine-usda/outputs.swine-x-reps/SRR17241527.subtract.sig.gz,222,"80cbd46399866b3abdc40fab12668680",80cbd46399866b3abdc40fab12668680,"AtH2023_ERR1135260_MAG3",d5115a72c5fbff661107d6b61e1c3d95,10
/home/ctbrown/scratch2/2023-swine-usda/outputs.swine-x-reps/SRR17241527.subtract.sig.gz,223,"80cbd46399866b3abdc40fab12668680",80cbd46399866b3abdc40fab12668680,"AtH2023_ERR1135240_MAG6",e2966801b66ae43cf9f54eaec8ac2bcd,10
/home/ctbrown/scratch2/2023-swine-usda/outputs.swine-x-reps/SRR17241527.subtract.sig.gz,224,"80cbd46399866b3abdc40fab12668680",80cbd46399866b3abdc40fab12668680,"SRR8198110_MAG16",76d45c2face1e721fad1d86ee81089b2,10
/home/ctbrown/scratch2/2023-swine-usda/outputs.swine-x-reps/SRR17241527.subtract.sig.gz,225,"80cbd46399866b3abdc40fab12668680",80cbd46399866b3abdc40fab12668680,"AtH2023_ERR1135216_MAG6",c9a341e792ead07db3d9b9cee46631fb,10
/home/ctbrown/scratch2/2023-swine-usda/outputs.swine-x-reps/SRR17241527.subtract.sig.gz,226,"80cbd46399866b3abdc40fab12668680",80cbd46399866b3abdc40fab12668680,"SRR5976183_MAG02",826e35cb44f76f6006b6c6d353bfc5f1,10
/home/ctbrown/scratch2/2023-swine-usda/outputs.swine-x-reps/SRR17241527.subtract.sig.gz,227,"80cbd46399866b3abdc40fab12668680",80cbd46399866b3abdc40fab12668680,"AtH2023_ERR1135200_MAG11",fe8503257042c8fb3c42268221dace6f,10
/home/ctbrown/scratch2/2023-swine-usda/outputs.swine-x-reps/SRR17241527.subtract.sig.gz,228,"80cbd46399866b3abdc40fab12668680",80cbd46399866b3abdc40fab12668680,"AtH2023_SRR11185252_MAG19",c41469bf4ad901a395cb5fd439631cb9,10
/home/ctbrown/scratch2/2023-swine-usda/outputs.swine-x-reps/SRR17241527.subtract.sig.gz,229,"80cbd46399866b3abdc40fab12668680",80cbd46399866b3abdc40fab12668680,"SRR8960621_MAG01",ea59dcd62646cf36e4e55857f4c43eec,10
/home/ctbrown/scratch2/2023-swine-usda/outputs.swine-x-reps/SRR17241527.subtract.sig.gz,230,"80cbd46399866b3abdc40fab12668680",80cbd46399866b3abdc40fab12668680,"SRR8198110_MAG13",06dc26beaa47cb889949f8ee12ad87f1,10
/home/ctbrown/scratch2/2023-swine-usda/outputs.swine-x-reps/SRR17241527.subtract.sig.gz,231,"80cbd46399866b3abdc40fab12668680",80cbd46399866b3abdc40fab12668680,"SRR8198110_MAG11",4efc18141639799e6fb6ab2c8db32415,10
/home/ctbrown/scratch2/2023-swine-usda/outputs.swine-x-reps/SRR17241527.subtract.sig.gz,232,"80cbd46399866b3abdc40fab12668680",80cbd46399866b3abdc40fab12668680,"AtH2023_SRR2329666_MAG14",d9a9a7ec78378f4e362d3a7ae4f460a5,10
/home/ctbrown/scratch2/2023-swine-usda/outputs.swine-x-reps/SRR17241527.subtract.sig.gz,233,"80cbd46399866b3abdc40fab12668680",80cbd46399866b3abdc40fab12668680,"SRR11126074_MAG3",9cc6cb63a9bffc06587d0c396f412951,10
/home/ctbrown/scratch2/2023-swine-usda/outputs.swine-x-reps/SRR17241527.subtract.sig.gz,234,"80cbd46399866b3abdc40fab12668680",80cbd46399866b3abdc40fab12668680,"AtH2023_SRR2329666_MAG05",4a0ac2f3cf9decf6b237d65c89f75f2f,10
/home/ctbrown/scratch2/2023-swine-usda/outputs.swine-x-reps/SRR17241527.subtract.sig.gz,235,"80cbd46399866b3abdc40fab12668680",80cbd46399866b3abdc40fab12668680,"SRR11126221_MAG4",d79f771b131453fefa226e02fffc9bd1,9
/home/ctbrown/scratch2/2023-swine-usda/outputs.swine-x-reps/SRR17241527.subtract.sig.gz,236,"80cbd46399866b3abdc40fab12668680",80cbd46399866b3abdc40fab12668680,"AtH2023_ERR1135190_MAG05",23a6c87a63fa80e49ab761369c1d70ea,9
/home/ctbrown/scratch2/2023-swine-usda/outputs.swine-x-reps/SRR17241527.subtract.sig.gz,237,"80cbd46399866b3abdc40fab12668680",80cbd46399866b3abdc40fab12668680,"AtH2023_ERR1135200_MAG18",e34350f04c74aa60c99a2937478fa3f2,9
/home/ctbrown/scratch2/2023-swine-usda/outputs.swine-x-reps/SRR17241527.subtract.sig.gz,238,"80cbd46399866b3abdc40fab12668680",80cbd46399866b3abdc40fab12668680,"AtH2023_ERR1135261_MAG1",eaeb68acd9745741169fd0be3d9ae949,9
/home/ctbrown/scratch2/2023-swine-usda/outputs.swine-x-reps/SRR17241527.subtract.sig.gz,239,"80cbd46399866b3abdc40fab12668680",80cbd46399866b3abdc40fab12668680,"AtH2023_SRR2329666_MAG12",ece3b81ac98e4304070405bb3ccba1f1,9
/home/ctbrown/scratch2/2023-swine-usda/outputs.swine-x-reps/SRR17241527.subtract.sig.gz,240,"80cbd46399866b3abdc40fab12668680",80cbd46399866b3abdc40fab12668680,"SRR11124986_MAG6",b2a3106f2c3f4c834a64be42ad8396c1,9
/home/ctbrown/scratch2/2023-swine-usda/outputs.swine-x-reps/SRR17241527.subtract.sig.gz,241,"80cbd46399866b3abdc40fab12668680",80cbd46399866b3abdc40fab12668680,"AtH2023_SRR11185252_MAG10",11ae11743e703598dd5a71624ce908aa,9
/home/ctbrown/scratch2/2023-swine-usda/outputs.swine-x-reps/SRR17241527.subtract.sig.gz,242,"80cbd46399866b3abdc40fab12668680",80cbd46399866b3abdc40fab12668680,"AtH2023_ERR1135187_MAG03",da6b95ae47d5793d68c182b8596db84d,9
/home/ctbrown/scratch2/2023-swine-usda/outputs.swine-x-reps/SRR17241527.subtract.sig.gz,243,"80cbd46399866b3abdc40fab12668680",80cbd46399866b3abdc40fab12668680,"AtH2023_ERR1135200_MAG16",e693d559c64415a3e001e460ae74023c,9
/home/ctbrown/scratch2/2023-swine-usda/outputs.swine-x-reps/SRR17241527.subtract.sig.gz,244,"80cbd46399866b3abdc40fab12668680",80cbd46399866b3abdc40fab12668680,"AtH2023_ERR1135262_MAG01",bf4e033a35012f7ffafddf25ce7321f9,9
/home/ctbrown/scratch2/2023-swine-usda/outputs.swine-x-reps/SRR17241527.subtract.sig.gz,245,"80cbd46399866b3abdc40fab12668680",80cbd46399866b3abdc40fab12668680,"SRR11183354_MAG1",2d6de60da0fa6d95bc477854b4e6a175,9
/home/ctbrown/scratch2/2023-swine-usda/outputs.swine-x-reps/SRR17241527.subtract.sig.gz,246,"80cbd46399866b3abdc40fab12668680",80cbd46399866b3abdc40fab12668680,"ERR1135431_MAG6",23c017d9b0e24b30e35e024882cea482,9
/home/ctbrown/scratch2/2023-swine-usda/outputs.swine-x-reps/SRR17241527.subtract.sig.gz,247,"80cbd46399866b3abdc40fab12668680",80cbd46399866b3abdc40fab12668680,"SRR12795780_MAG1",12e78a69e677cc40db5c8a188a0931e2,9
/home/ctbrown/scratch2/2023-swine-usda/outputs.swine-x-reps/SRR17241527.subtract.sig.gz,248,"80cbd46399866b3abdc40fab12668680",80cbd46399866b3abdc40fab12668680,"AtH2023_SRR11185252_MAG35",dce8edee7274525b371bfb94a4ff18f0,8
/home/ctbrown/scratch2/2023-swine-usda/outputs.swine-x-reps/SRR17241527.subtract.sig.gz,249,"80cbd46399866b3abdc40fab12668680",80cbd46399866b3abdc40fab12668680,"AtH2023_ERR1135201_MAG12",64ca248d54e5ac49e8535aba284fca71,8
/home/ctbrown/scratch2/2023-swine-usda/outputs.swine-x-reps/SRR17241527.subtract.sig.gz,250,"80cbd46399866b3abdc40fab12668680",80cbd46399866b3abdc40fab12668680,"SRR11126513_MAG2",df729292ba49d5dad902a3d173852312,8
/home/ctbrown/scratch2/2023-swine-usda/outputs.swine-x-reps/SRR17241527.subtract.sig.gz,251,"80cbd46399866b3abdc40fab12668680",80cbd46399866b3abdc40fab12668680,"AtH2023_ERR1135209_MAG05",c005b0455d938a41ede098af26a484aa,8
/home/ctbrown/scratch2/2023-swine-usda/outputs.swine-x-reps/SRR17241527.subtract.sig.gz,252,"80cbd46399866b3abdc40fab12668680",80cbd46399866b3abdc40fab12668680,"AtH2023_ERR1135271_MAG1",8e35def1830d13ab4a9ffd55ab2f4c3c,8
/home/ctbrown/scratch2/2023-swine-usda/outputs.swine-x-reps/SRR17241527.subtract.sig.gz,253,"80cbd46399866b3abdc40fab12668680",80cbd46399866b3abdc40fab12668680,"AtH2023_ERR1135181_MAG09",bd1acef6d6f0ad357c53c157aae2de27,8
/home/ctbrown/scratch2/2023-swine-usda/outputs.swine-x-reps/SRR17241527.subtract.sig.gz,254,"80cbd46399866b3abdc40fab12668680",80cbd46399866b3abdc40fab12668680,"AtH2023_ERR1135189_MAG03",302bc41c48e55bf6a1291393ede667d1,8
/home/ctbrown/scratch2/2023-swine-usda/outputs.swine-x-reps/SRR17241527.subtract.sig.gz,255,"80cbd46399866b3abdc40fab12668680",80cbd46399866b3abdc40fab12668680,"AtH2023_ERR1135252_MAG08",d0ab1cb41517244f1052d97d2bfdc688,8
/home/ctbrown/scratch2/2023-swine-usda/outputs.swine-x-reps/SRR17241527.subtract.sig.gz,256,"80cbd46399866b3abdc40fab12668680",80cbd46399866b3abdc40fab12668680,"AtH2023_ERR1135245_MAG1",bd1664eae17ac2b4d68e247cde23ceb4,8
/home/ctbrown/scratch2/2023-swine-usda/outputs.swine-x-reps/SRR17241527.subtract.sig.gz,257,"80cbd46399866b3abdc40fab12668680",80cbd46399866b3abdc40fab12668680,"AtH2023_ERR1135185_MAG1",6f97621f97923924c4103e48f676156f,8
/home/ctbrown/scratch2/2023-swine-usda/outputs.swine-x-reps/SRR17241527.subtract.sig.gz,258,"80cbd46399866b3abdc40fab12668680",80cbd46399866b3abdc40fab12668680,"AtH2023_ERR1135215_MAG3",c45d15107ea817825e950c375ab910f7,8
/home/ctbrown/scratch2/2023-swine-usda/outputs.swine-x-reps/SRR17241527.subtract.sig.gz,259,"80cbd46399866b3abdc40fab12668680",80cbd46399866b3abdc40fab12668680,"AtH2023_ERR1135224_MAG06",8ff8fdcd1a025e1c83d153665d5445b0,8
/home/ctbrown/scratch2/2023-swine-usda/outputs.swine-x-reps/SRR17241527.subtract.sig.gz,260,"80cbd46399866b3abdc40fab12668680",80cbd46399866b3abdc40fab12668680,"SRR8960918_MAG18",a3748d53ae2a13407a617d20589b38e2,8
/home/ctbrown/scratch2/2023-swine-usda/outputs.swine-x-reps/SRR17241527.subtract.sig.gz,261,"80cbd46399866b3abdc40fab12668680",80cbd46399866b3abdc40fab12668680,"AtH2023_ERR1135221_MAG2",4f95d2fcfaedf8ceb53b1b84f341c35a,8
/home/ctbrown/scratch2/2023-swine-usda/outputs.swine-x-reps/SRR17241527.subtract.sig.gz,262,"80cbd46399866b3abdc40fab12668680",80cbd46399866b3abdc40fab12668680,"AtH2023_ERR1135200_MAG07",0e0a9719899d2d73f4f502a043826c2d,8
/home/ctbrown/scratch2/2023-swine-usda/outputs.swine-x-reps/SRR17241527.subtract.sig.gz,263,"80cbd46399866b3abdc40fab12668680",80cbd46399866b3abdc40fab12668680,"SRR8198110_MAG15",a816aac8fd40d106c20afc60284b528d,8
/home/ctbrown/scratch2/2023-swine-usda/outputs.swine-x-reps/SRR17241527.subtract.sig.gz,264,"80cbd46399866b3abdc40fab12668680",80cbd46399866b3abdc40fab12668680,"AtH2023_ERR1135251_MAG2",655f3ecab28c54bf02004e79f5e6e3da,8
/home/ctbrown/scratch2/2023-swine-usda/outputs.swine-x-reps/SRR17241527.subtract.sig.gz,265,"80cbd46399866b3abdc40fab12668680",80cbd46399866b3abdc40fab12668680,"SRR11126513_MAG3",e4cb696937af594f839f5bdae4bed222,8
/home/ctbrown/scratch2/2023-swine-usda/outputs.swine-x-reps/SRR17241527.subtract.sig.gz,266,"80cbd46399866b3abdc40fab12668680",80cbd46399866b3abdc40fab12668680,"AtH2023_SRR2329666_MAG08",80d60a5967cd836b2c3dd60f8e97d6b5,8
/home/ctbrown/scratch2/2023-swine-usda/outputs.swine-x-reps/SRR17241527.subtract.sig.gz,267,"80cbd46399866b3abdc40fab12668680",80cbd46399866b3abdc40fab12668680,"AtH2023_ERR1135201_MAG10",203b3f7084e2ab775e16b5ebb2a086be,8
/home/ctbrown/scratch2/2023-swine-usda/outputs.swine-x-reps/SRR17241527.subtract.sig.gz,268,"80cbd46399866b3abdc40fab12668680",80cbd46399866b3abdc40fab12668680,"AtH2023_ERR1135266_MAG03",46e6e331d1eac382229e90f97df524a0,8
/home/ctbrown/scratch2/2023-swine-usda/outputs.swine-x-reps/SRR17241527.subtract.sig.gz,269,"80cbd46399866b3abdc40fab12668680",80cbd46399866b3abdc40fab12668680,"AtH2023_ERR1135192_MAG13",5db5c91e18c371cb1c24916bfd11656a,8
/home/ctbrown/scratch2/2023-swine-usda/outputs.swine-x-reps/SRR17241527.subtract.sig.gz,270,"80cbd46399866b3abdc40fab12668680",80cbd46399866b3abdc40fab12668680,"SRR8960980_MAG06",e66ffe8a940290eec64abd297de457b5,7
/home/ctbrown/scratch2/2023-swine-usda/outputs.swine-x-reps/SRR17241527.subtract.sig.gz,271,"80cbd46399866b3abdc40fab12668680",80cbd46399866b3abdc40fab12668680,"AtH2023_ERR1135212_MAG4",79b2ba87356631f4728e162c1f425f83,7
/home/ctbrown/scratch2/2023-swine-usda/outputs.swine-x-reps/SRR17241527.subtract.sig.gz,272,"80cbd46399866b3abdc40fab12668680",80cbd46399866b3abdc40fab12668680,"AtH2023_ERR1135205_MAG05",3dd9e4958bd882f60f36a8508c10ad40,7
/home/ctbrown/scratch2/2023-swine-usda/outputs.swine-x-reps/SRR17241527.subtract.sig.gz,273,"80cbd46399866b3abdc40fab12668680",80cbd46399866b3abdc40fab12668680,"AtH2023_ERR1135257_MAG6",f4a8e65a55a2698112f673ad5a656dee,7
/home/ctbrown/scratch2/2023-swine-usda/outputs.swine-x-reps/SRR17241527.subtract.sig.gz,274,"80cbd46399866b3abdc40fab12668680",80cbd46399866b3abdc40fab12668680,"AtH2023_ERR1135270_MAG6",77fdc2a57031a3c69a64e8fe3d48648d,7
/home/ctbrown/scratch2/2023-swine-usda/outputs.swine-x-reps/SRR17241527.subtract.sig.gz,275,"80cbd46399866b3abdc40fab12668680",80cbd46399866b3abdc40fab12668680,"AtH2023_ERR1135252_MAG06",fca6a7eee863d0c19a26ffee0c311ecf,7
/home/ctbrown/scratch2/2023-swine-usda/outputs.swine-x-reps/SRR17241527.subtract.sig.gz,276,"80cbd46399866b3abdc40fab12668680",80cbd46399866b3abdc40fab12668680,"AtH2023_ERR1135178_MAG8",004f7a5c6e5320f575af0fe36e2d9369,7
/home/ctbrown/scratch2/2023-swine-usda/outputs.swine-x-reps/SRR17241527.subtract.sig.gz,277,"80cbd46399866b3abdc40fab12668680",80cbd46399866b3abdc40fab12668680,"ERR1135273_MAG06",6ccc5342fef8833f03523185a25250b7,7
/home/ctbrown/scratch2/2023-swine-usda/outputs.swine-x-reps/SRR17241527.subtract.sig.gz,278,"80cbd46399866b3abdc40fab12668680",80cbd46399866b3abdc40fab12668680,"AtH2023_ERR1135189_MAG07",37a69998373fa7b311946480bffeda83,7
/home/ctbrown/scratch2/2023-swine-usda/outputs.swine-x-reps/SRR17241527.subtract.sig.gz,279,"80cbd46399866b3abdc40fab12668680",80cbd46399866b3abdc40fab12668680,"SRR8198110_MAG17",738b385a8f5d9313f2170c611a15498a,7
/home/ctbrown/scratch2/2023-swine-usda/outputs.swine-x-reps/SRR17241527.subtract.sig.gz,280,"80cbd46399866b3abdc40fab12668680",80cbd46399866b3abdc40fab12668680,"AtH2023_ERR1135184_MAG01",40e709b1bebb4b8b108df14abd68b982,7
/home/ctbrown/scratch2/2023-swine-usda/outputs.swine-x-reps/SRR17241527.subtract.sig.gz,281,"80cbd46399866b3abdc40fab12668680",80cbd46399866b3abdc40fab12668680,"AtH2023_SRR2329877_MAG3",e2d4f7659247793d496de69d2085458d,7
/home/ctbrown/scratch2/2023-swine-usda/outputs.swine-x-reps/SRR17241527.subtract.sig.gz,282,"80cbd46399866b3abdc40fab12668680",80cbd46399866b3abdc40fab12668680,"AtH2023_ERR1135187_MAG19",1d93cd4c825daf9d2e7411ef44832031,7
/home/ctbrown/scratch2/2023-swine-usda/outputs.swine-x-reps/SRR17241527.subtract.sig.gz,283,"80cbd46399866b3abdc40fab12668680",80cbd46399866b3abdc40fab12668680,"SRR11183354_MAG3",27cfa226a56347132f833477a132b311,7
/home/ctbrown/scratch2/2023-swine-usda/outputs.swine-x-reps/SRR17241527.subtract.sig.gz,284,"80cbd46399866b3abdc40fab12668680",80cbd46399866b3abdc40fab12668680,"AtH2023_ERR1135191_MAG03",c7de3922e043bfa5b4080b9af8fcf97f,7
/home/ctbrown/scratch2/2023-swine-usda/outputs.swine-x-reps/SRR17241527.subtract.sig.gz,285,"80cbd46399866b3abdc40fab12668680",80cbd46399866b3abdc40fab12668680,"SRR11125951_MAG1",0f17196bb72e5d54723c158a2b9bdf0b,7
/home/ctbrown/scratch2/2023-swine-usda/outputs.swine-x-reps/SRR17241527.subtract.sig.gz,286,"80cbd46399866b3abdc40fab12668680",80cbd46399866b3abdc40fab12668680,"SRR11125827_MAG4",f5d1a34583f1541c0f3e19a06f536d45,7
/home/ctbrown/scratch2/2023-swine-usda/outputs.swine-x-reps/SRR17241527.subtract.sig.gz,287,"80cbd46399866b3abdc40fab12668680",80cbd46399866b3abdc40fab12668680,"AtH2023_ERR1135252_MAG01",d9a685433bf7df02911d46a3787df8bf,7
/home/ctbrown/scratch2/2023-swine-usda/outputs.swine-x-reps/SRR17241527.subtract.sig.gz,288,"80cbd46399866b3abdc40fab12668680",80cbd46399866b3abdc40fab12668680,"AtH2023_ERR1135187_MAG16",43e89af92065e7d4670e9ada422c125e,7
/home/ctbrown/scratch2/2023-swine-usda/outputs.swine-x-reps/SRR17241527.subtract.sig.gz,289,"80cbd46399866b3abdc40fab12668680",80cbd46399866b3abdc40fab12668680,"AtH2023_SRR2329877_MAG2",5130bab896fbaccefef3c7f7f396c14f,7
/home/ctbrown/scratch2/2023-swine-usda/outputs.swine-x-reps/SRR17241527.subtract.sig.gz,290,"80cbd46399866b3abdc40fab12668680",80cbd46399866b3abdc40fab12668680,"AtH2023_ERR1135262_MAG09",554d0d0af40d7da972441fc66efbc62f,7
/home/ctbrown/scratch2/2023-swine-usda/outputs.swine-x-reps/SRR17241527.subtract.sig.gz,291,"80cbd46399866b3abdc40fab12668680",80cbd46399866b3abdc40fab12668680,"SRR8960980_MAG10",a3e06d8b231f281c3e0b64b531feca16,6
/home/ctbrown/scratch2/2023-swine-usda/outputs.swine-x-reps/SRR17241527.subtract.sig.gz,292,"80cbd46399866b3abdc40fab12668680",80cbd46399866b3abdc40fab12668680,"AtH2023_ERR1135194_MAG12",3bca3d65357de864b70f0447d419e7c7,6
/home/ctbrown/scratch2/2023-swine-usda/outputs.swine-x-reps/SRR17241527.subtract.sig.gz,293,"80cbd46399866b3abdc40fab12668680",80cbd46399866b3abdc40fab12668680,"AtH2023_ERR1135261_MAG5",d1e95d311277fe62d2e0a88b00e957c3,6
/home/ctbrown/scratch2/2023-swine-usda/outputs.swine-x-reps/SRR17241527.subtract.sig.gz,294,"80cbd46399866b3abdc40fab12668680",80cbd46399866b3abdc40fab12668680,"AtH2023_ERR1135192_MAG10",de8bc9479f0e602e65ebe3d41eae6f00,6
/home/ctbrown/scratch2/2023-swine-usda/outputs.swine-x-reps/SRR17241527.subtract.sig.gz,295,"80cbd46399866b3abdc40fab12668680",80cbd46399866b3abdc40fab12668680,"AtH2023_ERR1135202_MAG1",9d1d9e7adcd9859a86254abcfb64f2be,6
/home/ctbrown/scratch2/2023-swine-usda/outputs.swine-x-reps/SRR17241527.subtract.sig.gz,296,"80cbd46399866b3abdc40fab12668680",80cbd46399866b3abdc40fab12668680,"AtH2023_ERR1135195_MAG02",d4b33f70cda077777402d494c5f338fd,6
/home/ctbrown/scratch2/2023-swine-usda/outputs.swine-x-reps/SRR17241527.subtract.sig.gz,297,"80cbd46399866b3abdc40fab12668680",80cbd46399866b3abdc40fab12668680,"AtH2023_SRR11185252_MAG16",19dcd8fc2143cd10e3fee7032c026ee7,6
/home/ctbrown/scratch2/2023-swine-usda/outputs.swine-x-reps/SRR17241527.subtract.sig.gz,298,"80cbd46399866b3abdc40fab12668680",80cbd46399866b3abdc40fab12668680,"AtH2023_SRR2329666_MAG02",7341208631bb0d8de485bcefcce05c80,6
/home/ctbrown/scratch2/2023-swine-usda/outputs.swine-x-reps/SRR17241527.subtract.sig.gz,299,"80cbd46399866b3abdc40fab12668680",80cbd46399866b3abdc40fab12668680,"AtH2023_ERR1135261_MAG3",2bbb58b6051dca56763d2b26c613d191,6
/home/ctbrown/scratch2/2023-swine-usda/outputs.swine-x-reps/SRR17241527.subtract.sig.gz,300,"80cbd46399866b3abdc40fab12668680",80cbd46399866b3abdc40fab12668680,"AtH2023_SRR11185252_MAG02",7834777682c9eb4b193083529085c61b,6
/home/ctbrown/scratch2/2023-swine-usda/outputs.swine-x-reps/SRR17241527.subtract.sig.gz,301,"80cbd46399866b3abdc40fab12668680",80cbd46399866b3abdc40fab12668680,"SRR11124986_MAG1",b0b3a9dc7a9db9eb0db4f86ec10302b2,6
/home/ctbrown/scratch2/2023-swine-usda/outputs.swine-x-reps/SRR17241527.subtract.sig.gz,302,"80cbd46399866b3abdc40fab12668680",80cbd46399866b3abdc40fab12668680,"SRR11183901_MAG5",71e25677eb378402b04844329eee3a24,6
/home/ctbrown/scratch2/2023-swine-usda/outputs.swine-x-reps/SRR17241527.subtract.sig.gz,303,"80cbd46399866b3abdc40fab12668680",80cbd46399866b3abdc40fab12668680,"SRR12795780_MAG3",a7dd5787147430c0eb79ca87dfeceea8,6
/home/ctbrown/scratch2/2023-swine-usda/outputs.swine-x-reps/SRR17241527.subtract.sig.gz,304,"80cbd46399866b3abdc40fab12668680",80cbd46399866b3abdc40fab12668680,"AtH2023_SRR17241686_MAG16",8e25d3c13c8c8d36413db3470de6bfaf,6
/home/ctbrown/scratch2/2023-swine-usda/outputs.swine-x-reps/SRR17241527.subtract.sig.gz,305,"80cbd46399866b3abdc40fab12668680",80cbd46399866b3abdc40fab12668680,"ERR1135431_MAG1",60607dc05458cdd3e2fd2fe73c288897,6
/home/ctbrown/scratch2/2023-swine-usda/outputs.swine-x-reps/SRR17241527.subtract.sig.gz,306,"80cbd46399866b3abdc40fab12668680",80cbd46399866b3abdc40fab12668680,"SRR8960980_MAG02",4098bbb568b6caf14a223fc56d513fa0,6
/home/ctbrown/scratch2/2023-swine-usda/outputs.swine-x-reps/SRR17241527.subtract.sig.gz,307,"80cbd46399866b3abdc40fab12668680",80cbd46399866b3abdc40fab12668680,"AtH2023_SRR11185252_MAG09",100989464b57b7f114cd392e92b298e6,6
/home/ctbrown/scratch2/2023-swine-usda/outputs.swine-x-reps/SRR17241527.subtract.sig.gz,308,"80cbd46399866b3abdc40fab12668680",80cbd46399866b3abdc40fab12668680,"AtH2023_ERR1135211_MAG05",80b69315ee7c28e6a02463bee4ad3dc4,5
/home/ctbrown/scratch2/2023-swine-usda/outputs.swine-x-reps/SRR17241527.subtract.sig.gz,309,"80cbd46399866b3abdc40fab12668680",80cbd46399866b3abdc40fab12668680,"AtH2023_ERR1135181_MAG02",1de9b1ab4c41e73efe07d770241b2b36,5
/home/ctbrown/scratch2/2023-swine-usda/outputs.swine-x-reps/SRR17241527.subtract.sig.gz,310,"80cbd46399866b3abdc40fab12668680",80cbd46399866b3abdc40fab12668680,"AtH2023_SRR11185252_MAG03",beeba08f8f455824638fc897d9335388,5
/home/ctbrown/scratch2/2023-swine-usda/outputs.swine-x-reps/SRR17241527.subtract.sig.gz,311,"80cbd46399866b3abdc40fab12668680",80cbd46399866b3abdc40fab12668680,"AtH2023_ERR1135211_MAG03",3ac228d7532b723af8f3abf70d7fc2d6,5
/home/ctbrown/scratch2/2023-swine-usda/outputs.swine-x-reps/SRR17241527.subtract.sig.gz,312,"80cbd46399866b3abdc40fab12668680",80cbd46399866b3abdc40fab12668680,"AtH2023_ERR1135267_MAG5",fb686d3c4f7c7c6057c763dc1a2ae1ba,5
/home/ctbrown/scratch2/2023-swine-usda/outputs.swine-x-reps/SRR17241527.subtract.sig.gz,313,"80cbd46399866b3abdc40fab12668680",80cbd46399866b3abdc40fab12668680,"AtH2023_ERR1135245_MAG5",ec88584e61cdb3ac15c21accd00ecb97,5
/home/ctbrown/scratch2/2023-swine-usda/outputs.swine-x-reps/SRR17241527.subtract.sig.gz,314,"80cbd46399866b3abdc40fab12668680",80cbd46399866b3abdc40fab12668680,"AtH2023_SRR2329775_MAG1",8eb9a67d0a7754d8e168cc03dc636b17,5
/home/ctbrown/scratch2/2023-swine-usda/outputs.swine-x-reps/SRR17241527.subtract.sig.gz,315,"80cbd46399866b3abdc40fab12668680",80cbd46399866b3abdc40fab12668680,"AtH2023_SRR11185252_MAG18",dfeccdd633aff6c6353b9bc2f80a7871,5
/home/ctbrown/scratch2/2023-swine-usda/outputs.swine-x-reps/SRR17241527.subtract.sig.gz,316,"80cbd46399866b3abdc40fab12668680",80cbd46399866b3abdc40fab12668680,"AtH2023_ERR1135248_MAG1",756bb19d064e56b40d144ea02d43a699,5
/home/ctbrown/scratch2/2023-swine-usda/outputs.swine-x-reps/SRR17241527.subtract.sig.gz,317,"80cbd46399866b3abdc40fab12668680",80cbd46399866b3abdc40fab12668680,"AtH2023_ERR1135197_MAG17",fdeb4114c2755bf89416355fa1a3d88c,5
/home/ctbrown/scratch2/2023-swine-usda/outputs.swine-x-reps/SRR17241527.subtract.sig.gz,318,"80cbd46399866b3abdc40fab12668680",80cbd46399866b3abdc40fab12668680,"AtH2023_ERR1135213_MAG03",f95e9b57bfeda982659b1ae436b4c0b5,5
/home/ctbrown/scratch2/2023-swine-usda/outputs.swine-x-reps/SRR17241527.subtract.sig.gz,319,"80cbd46399866b3abdc40fab12668680",80cbd46399866b3abdc40fab12668680,"AtH2023_ERR1135232_MAG1",d01df69bb760881918dc197fc80f9602,5
/home/ctbrown/scratch2/2023-swine-usda/outputs.swine-x-reps/SRR17241527.subtract.sig.gz,320,"80cbd46399866b3abdc40fab12668680",80cbd46399866b3abdc40fab12668680,"AtH2023_ERR1135199_MAG07",0c2ed7853204ade87538ee4d968e6b10,5
/home/ctbrown/scratch2/2023-swine-usda/outputs.swine-x-reps/SRR17241527.subtract.sig.gz,321,"80cbd46399866b3abdc40fab12668680",80cbd46399866b3abdc40fab12668680,"AtH2023_ERR1135197_MAG08",daaa5799a09e01bcc60f79948ee2b661,5
/home/ctbrown/scratch2/2023-swine-usda/outputs.swine-x-reps/SRR17241527.subtract.sig.gz,322,"80cbd46399866b3abdc40fab12668680",80cbd46399866b3abdc40fab12668680,"AtH2023_ERR1135178_MAG7",d6649b48cd602db3987e4d91ad158214,5
/home/ctbrown/scratch2/2023-swine-usda/outputs.swine-x-reps/SRR17241527.subtract.sig.gz,323,"80cbd46399866b3abdc40fab12668680",80cbd46399866b3abdc40fab12668680,"SRR8960777_MAG06",6aee27470144e977bf2cd0d5fcfc3e7a,5
/home/ctbrown/scratch2/2023-swine-usda/outputs.swine-x-reps/SRR17241527.subtract.sig.gz,324,"80cbd46399866b3abdc40fab12668680",80cbd46399866b3abdc40fab12668680,"AtH2023_ERR1135267_MAG3",9a4172ebef698f86d105fe54732da41b,5
/home/ctbrown/scratch2/2023-swine-usda/outputs.swine-x-reps/SRR17241527.subtract.sig.gz,325,"80cbd46399866b3abdc40fab12668680",80cbd46399866b3abdc40fab12668680,"AtH2023_ERR1135228_MAG3",5e5ad3d41943b35be6a0021ea11f67d0,5
/home/ctbrown/scratch2/2023-swine-usda/outputs.swine-x-reps/SRR17241527.subtract.sig.gz,326,"80cbd46399866b3abdc40fab12668680",80cbd46399866b3abdc40fab12668680,"AtH2023_ERR1135260_MAG1",59805380749a6b1186e74ddd1f43d9c0,5
/home/ctbrown/scratch2/2023-swine-usda/outputs.swine-x-reps/SRR17241527.subtract.sig.gz,327,"80cbd46399866b3abdc40fab12668680",80cbd46399866b3abdc40fab12668680,"AtH2023_ERR1135182_MAG5",cd60ceaf4cb519d35e191a29a6e1fc04,5
/home/ctbrown/scratch2/2023-swine-usda/outputs.swine-x-reps/SRR17241527.subtract.sig.gz,328,"80cbd46399866b3abdc40fab12668680",80cbd46399866b3abdc40fab12668680,"AtH2023_ERR1135207_MAG1",9a8cb3617392cd694c45d4de5db85999,5
/home/ctbrown/scratch2/2023-swine-usda/outputs.swine-x-reps/SRR17241527.subtract.sig.gz,329,"80cbd46399866b3abdc40fab12668680",80cbd46399866b3abdc40fab12668680,"ERR3610829_MAG1",7c58f2bba1ef9471ac022072a4496a36,5
/home/ctbrown/scratch2/2023-swine-usda/outputs.swine-x-reps/SRR17241527.subtract.sig.gz,330,"80cbd46399866b3abdc40fab12668680",80cbd46399866b3abdc40fab12668680,"SRR11124721_MAG7",18eddc04ddd77129be2b1d979176cd5f,5
/home/ctbrown/scratch2/2023-swine-usda/outputs.swine-x-reps/SRR17241527.subtract.sig.gz,331,"80cbd46399866b3abdc40fab12668680",80cbd46399866b3abdc40fab12668680,"AtH2023_ERR1135197_MAG12",e1da49e910849588fd5531a83575aa9c,5
/home/ctbrown/scratch2/2023-swine-usda/outputs.swine-x-reps/SRR17241527.subtract.sig.gz,332,"80cbd46399866b3abdc40fab12668680",80cbd46399866b3abdc40fab12668680,"SRR11126074_MAG5",5142a6782bcc689fce5173c66701db72,5
/home/ctbrown/scratch2/2023-swine-usda/outputs.swine-x-reps/SRR17241527.subtract.sig.gz,333,"80cbd46399866b3abdc40fab12668680",80cbd46399866b3abdc40fab12668680,"AtH2023_ERR1135265_MAG1",d20d111390e60b52a6b9c7797bf65755,5
/home/ctbrown/scratch2/2023-swine-usda/outputs.swine-x-reps/SRR17241527.subtract.sig.gz,334,"80cbd46399866b3abdc40fab12668680",80cbd46399866b3abdc40fab12668680,"SRR11551371_MAG1",23204074bf8b8cad6fcb09f193bca42b,5
/home/ctbrown/scratch2/2023-swine-usda/outputs.swine-x-reps/SRR17241527.subtract.sig.gz,335,"80cbd46399866b3abdc40fab12668680",80cbd46399866b3abdc40fab12668680,"AtH2023_ERR1135240_MAG4",3cd0a113504695c2dfbffce822f0ab7d,5
/home/ctbrown/scratch2/2023-swine-usda/outputs.swine-x-reps/SRR17241527.subtract.sig.gz,336,"80cbd46399866b3abdc40fab12668680",80cbd46399866b3abdc40fab12668680,"AtH2023_ERR1135188_MAG10",c3cd0d07723c6969796124b4c21c08e2,5
/home/ctbrown/scratch2/2023-swine-usda/outputs.swine-x-reps/SRR17241527.subtract.sig.gz,337,"80cbd46399866b3abdc40fab12668680",80cbd46399866b3abdc40fab12668680,"ERR1135348_MAG6",8c90f74f4405fd42dc35f9ecc8d98979,5
/home/ctbrown/scratch2/2023-swine-usda/outputs.swine-x-reps/SRR17241527.subtract.sig.gz,338,"80cbd46399866b3abdc40fab12668680",80cbd46399866b3abdc40fab12668680,"AtH2023_ERR1135250_MAG10",ec340185c1622e3e0c9be7b313dc24b4,5
/home/ctbrown/scratch2/2023-swine-usda/outputs.swine-x-reps/SRR17241527.subtract.sig.gz,339,"80cbd46399866b3abdc40fab12668680",80cbd46399866b3abdc40fab12668680,"SRR8960777_MAG03",e83238e95673e66b2f15a853227f71ff,5
/home/ctbrown/scratch2/2023-swine-usda/outputs.swine-x-reps/SRR17241527.subtract.sig.gz,340,"80cbd46399866b3abdc40fab12668680",80cbd46399866b3abdc40fab12668680,"AtH2023_ERR1135205_MAG14",54c5f18aee93a789c61e00d3edd569b7,5
/home/ctbrown/scratch2/2023-swine-usda/outputs.swine-x-reps/SRR17241527.subtract.sig.gz,341,"80cbd46399866b3abdc40fab12668680",80cbd46399866b3abdc40fab12668680,"AtH2023_ERR1135190_MAG09",19c758da57688061bb8e443811e8ecb6,5
/home/ctbrown/scratch2/2023-swine-usda/outputs.swine-x-reps/SRR17241527.subtract.sig.gz,342,"80cbd46399866b3abdc40fab12668680",80cbd46399866b3abdc40fab12668680,"SRR8960980_MAG09",c41530bb9b61eb2b3ab566be4555519b,5
